# Raw TCP Data Log for ARS
# Started: 2025-12-08T12:22:02.744433
# Format: TIMESTAMP | PORT | HEX_DATA | FLOAT_VALUE
# ================================================================================
2025-12-08T12:22:36.983097 | 50038 | 40765CE8A7DBAB3E | 8.3023401551e-07
2025-12-08T12:22:36.983184 | 50040 | E8B476F529FA063F | 4.3825536234e-05
2025-12-08T12:22:36.983250 | 50044 | 0279FCEB0A5A26BF | -1.7053016017e-04
2025-12-08T12:22:36.983355 | 50043 | FE6556A42EE700BF | -3.2240019702e-05
2025-12-08T12:22:36.983401 | 50042 | B9968D1F4279EABE | -1.2623627286e-05
2025-12-08T12:22:36.983523 | 50046 | 407DBF1E22E43E3F | 4.7136147509e-04
2025-12-08T12:22:36.983703 | 50039 | 8C0DE5D1A4D0D93E | 6.1547791844e-06
2025-12-08T12:22:36.984183 | 50045 | C04A13A50669063F | 4.2744174274e-05
2025-12-08T12:22:36.984243 | 50047 | AF284F5DF672133F | 7.4192320724e-05
2025-12-08T12:22:36.984607 | 50049 | 0CB07DADD3FF31BF | -2.7464788354e-04
2025-12-08T12:22:36.985559 | 50041 | 2C80DA0485EECD3E | 3.5681387434e-06
2025-12-08T12:22:36.985676 | 50048 | 1E0EBE4BA4E237BF | -3.6446105127e-04
2025-12-08T12:22:37.082300 | 50042 | 45C29B7035DAF5BE | -2.0840051582e-05
2025-12-08T12:22:37.082363 | 50043 | A2BAF8184099FFBE | -3.0134805966e-05
2025-12-08T12:22:37.082405 | 50040 | 18827D0E20D4C73E | 2.8405921632e-06
2025-12-08T12:22:37.082564 | 50045 | DC995F8A01CA243F | 1.5860813909e-04
2025-12-08T12:22:37.082764 | 50049 | C7FC8B79D27B3FBF | -4.8040283723e-04
2025-12-08T12:22:37.082942 | 50039 | 26B6458359ACF83E | 2.3530236108e-05
2025-12-08T12:22:37.083212 | 50046 | DB1B421E90CC353F | 3.3262747298e-04
2025-12-08T12:22:37.083813 | 50047 | 6CE0714C2FB513BF | -7.5179111365e-05
2025-12-08T12:22:37.083904 | 50041 | 70170AC80BB5E5BE | -1.0350804815e-05
2025-12-08T12:22:37.083835 | 50048 | AAB1405B0A4C11BF | -6.5982944591e-05
2025-12-08T12:22:37.084329 | 50038 | 4A65D30A3656F0BE | -1.5579950447e-05
2025-12-08T12:22:37.084925 | 50044 | EEBAFE40C37233BF | -2.9675738278e-04
2025-12-08T12:22:37.184194 | 50041 | 80D65D1FF363FA3E | 2.5167873864e-05
2025-12-08T12:22:37.184360 | 50039 | 85D93D5C5BF8F93E | 2.4767059372e-05
2025-12-08T12:22:37.184661 | 50045 | 68C9FCBB81B3313F | 2.7009885160e-04
2025-12-08T12:22:37.185337 | 50048 | 49DE05B4701426BF | -1.6845584652e-04
2025-12-08T12:22:37.185576 | 50038 | B73881060C0CF9BE | -2.3886736386e-05
2025-12-08T12:22:37.185802 | 50043 | 9833FB1F3CAB05BF | -4.1330120437e-05
2025-12-08T12:22:37.185997 | 50042 | A0ED0E05FC12AD3E | 8.6647743035e-07
2025-12-08T12:22:37.186126 | 50040 | FF7F7EB20502003F | 3.0532645098e-05
2025-12-08T12:22:37.186196 | 50046 | 26696382F1991A3F | 1.0147606426e-04
2025-12-08T12:22:37.186162 | 50049 | 0A91D59F77B83EBF | -4.6875877873e-04
2025-12-08T12:22:37.186291 | 50047 | 89F4C0BA7B34243F | 1.5415201540e-04
2025-12-08T12:22:37.186702 | 50044 | 7954FEC5978128BF | -1.8696763709e-04
2025-12-08T12:22:37.283217 | 50038 | C8577538CEBCD2BE | -4.4673732938e-06
2025-12-08T12:22:37.283774 | 50041 | E4488E5C4A22E93E | 1.1984799942e-05
2025-12-08T12:22:37.283950 | 50049 | 19D419B8D30C30BF | -2.4490517544e-04
2025-12-08T12:22:37.284208 | 50044 | 3E8862E2017F203F | 1.2585542681e-04
2025-12-08T12:22:37.284347 | 50040 | D237D7850B96063F | 4.3079592369e-05
2025-12-08T12:22:37.284567 | 50042 | 7AF9DF284294F3BE | -1.8672117726e-05
2025-12-08T12:22:37.284660 | 50039 | A244C14648A9063F | 4.3222921562e-05
2025-12-08T12:22:37.284709 | 50045 | 5B4F979C3137153F | 8.0931094224e-05
2025-12-08T12:22:37.284746 | 50047 | 902875E9699B023F | 3.5490197826e-05
2025-12-08T12:22:37.285159 | 50048 | F3ACDD6990783ABF | -4.0391469690e-04
2025-12-08T12:22:37.285716 | 50046 | 3DF7282B8178203F | 1.2566162839e-04
2025-12-08T12:22:37.285837 | 50043 | CA6DBC12A46107BF | -4.4596500031e-05
2025-12-08T12:22:37.383798 | 50038 | 5EA01B9A2CBCE0BE | -7.9798963415e-06
2025-12-08T12:22:37.383982 | 50044 | 8F74ACE01CF1103F | 6.4628016997e-05
2025-12-08T12:22:37.384487 | 50048 | 8A297868B1262CBF | -2.1477618814e-04
2025-12-08T12:22:37.384550 | 50041 | 36023909C09EF3BE | -1.8711202371e-05
2025-12-08T12:22:37.384602 | 50042 | B8149768B1E2D3BE | -4.7410773134e-06
2025-12-08T12:22:37.384790 | 50049 | 48B6887772C20FBF | -6.0576551679e-05
2025-12-08T12:22:37.385062 | 50040 | E16D64A92978F63E | 2.1428476054e-05
2025-12-08T12:22:37.385133 | 50046 | CBB36F2DC6C52F3F | 2.4240535887e-04
2025-12-08T12:22:37.385198 | 50045 | 81AF89CB4340273F | 1.7739131524e-04
2025-12-08T12:22:37.385324 | 50039 | DFE1A0AE5AB9003F | 3.1898574733e-05
2025-12-08T12:22:37.385644 | 50047 | 14381A8C146A11BF | -6.6430572611e-05
2025-12-08T12:22:37.385731 | 50043 | 9D52AD4C963C05BF | -4.0505730417e-05
2025-12-08T12:22:37.484141 | 50038 | 9099A0D9E7B8D8BE | -5.8942527179e-06
2025-12-08T12:22:37.484230 | 50041 | 6257C1985189C63E | 2.6865483900e-06
2025-12-08T12:22:37.484853 | 50042 | C875844EB47305BF | -4.0916385674e-05
2025-12-08T12:22:37.484882 | 50039 | 36CCB3FAAB0EE13E | 8.1335600357e-06
2025-12-08T12:22:37.484945 | 50044 | 8CC6CF3C236F0F3F | 5.9955847611e-05
2025-12-08T12:22:37.485104 | 50045 | 5886466EC85605BF | -4.0700904523e-05
2025-12-08T12:22:37.485168 | 50047 | 084BFB398BC1EC3E | 1.3711943950e-05
2025-12-08T12:22:37.485392 | 50040 | 78E8EF009264DD3E | 7.0078022096e-06
2025-12-08T12:22:37.485524 | 50046 | 765EB46B0D5C3F3F | 4.7850921301e-04
2025-12-08T12:22:37.485683 | 50049 | 741B0C5A357230BF | -2.5094797643e-04
2025-12-08T12:22:37.485870 | 50043 | AC1E988326B5E7BE | -1.1304673637e-05
2025-12-08T12:22:37.486396 | 50048 | 6C32A2A0D1A638BF | -3.7615411623e-04
2025-12-08T12:22:37.585078 | 50038 | 692ECB97D781FA3E | 2.5279231965e-05
2025-12-08T12:22:37.585236 | 50046 | 17236C922C362D3F | 2.2286695567e-04
2025-12-08T12:22:37.585285 | 50045 | 9ADA92E54283373F | 3.5877593252e-04
2025-12-08T12:22:37.585504 | 50042 | A328783F3284F9BE | -2.4334327433e-05
2025-12-08T12:22:37.585904 | 50044 | 6030A5283DB3EABE | -1.2731624584e-05
2025-12-08T12:22:37.585991 | 50041 | 277221E314EEF5BE | -2.0914083685e-05
2025-12-08T12:22:37.586024 | 50043 | 8B047FAC58A1EFBE | -1.5082482960e-05
2025-12-08T12:22:37.586050 | 50047 | 8F1E23E57F0D313F | 2.6020405234e-04
2025-12-08T12:22:37.586203 | 50048 | D869F4527671133F | 7.4169966627e-05
2025-12-08T12:22:37.587197 | 50049 | 169FDC63FFBA3EBF | -4.6890959844e-04
2025-12-08T12:22:37.587262 | 50039 | F87413D8A881E03E | 7.8709042576e-06
2025-12-08T12:22:37.587433 | 50040 | C8CC4C24A7F4C23E | 2.2596925952e-06
2025-12-08T12:22:37.685085 | 50038 | 82B344C5E374CB3E | 3.2730818395e-06
2025-12-08T12:22:37.685189 | 50044 | 67AACA7A8ED431BF | -2.7206877238e-04
2025-12-08T12:22:37.688102 | 50040 | C45C0D751CD7F33E | 1.8921163533e-05
2025-12-08T12:22:37.689795 | 50042 | 5B15488594AFEBBE | -1.3201646802e-05
2025-12-08T12:22:37.689890 | 50041 | 780E78C3CB59BFBE | -1.8686512372e-06
2025-12-08T12:22:37.690105 | 50049 | D72477285F8E41BF | -5.3577085867e-04
2025-12-08T12:22:37.690198 | 50045 | A881FB8414BD283F | 1.8874049646e-04
2025-12-08T12:22:37.690301 | 50046 | 3403CBFBAF2B303F | 2.4674459909e-04
2025-12-08T12:22:37.690381 | 50039 | 2AEFA18CF475E43E | 9.7564519772e-06
2025-12-08T12:22:37.690437 | 50047 | E83ABA681026103F | 6.1602355510e-05
2025-12-08T12:22:37.690674 | 50043 | 529E7346FA48FBBE | -2.6021069428e-05
2025-12-08T12:22:37.690835 | 50048 | 73965341BE6917BF | -8.9313733344e-05
2025-12-08T12:22:37.787182 | 50038 | 3D46D6C4D2ACBA3E | 1.5899593281e-06
2025-12-08T12:22:37.787358 | 50043 | D7CE5B98AF4AFEBE | -2.8888456220e-05
2025-12-08T12:22:37.787600 | 50049 | 9E6B52EA6FBA13BF | -7.5257378358e-05
2025-12-08T12:22:37.787696 | 50040 | 5413E8AC618AF93E | 2.4357369336e-05
2025-12-08T12:22:37.787776 | 50048 | 34F81FE8C0FA063F | 4.3829929396e-05
2025-12-08T12:22:37.787925 | 50042 | 0F27784914C4E2BE | -8.9482949042e-06
2025-12-08T12:22:37.788145 | 50039 | 4070345D1173C83E | 2.9146055823e-06
2025-12-08T12:22:37.788243 | 50041 | 96B2B379190BF2BE | -1.7207486604e-05
2025-12-08T12:22:37.788414 | 50046 | 3CEC27236681343F | 3.1288856113e-04
2025-12-08T12:22:37.788548 | 50047 | 48B274F48C69E63E | 1.0687020803e-05
2025-12-08T12:22:37.788671 | 50045 | 06CEEDC99EE5363F | 3.4937979392e-04
2025-12-08T12:22:37.789137 | 50044 | 22EF544096880B3F | 5.2516064935e-05
2025-12-08T12:22:37.887703 | 50041 | 36E65F2BFA15DFBE | -7.4114438373e-06
2025-12-08T12:22:37.887835 | 50047 | 64F1DD512396313F | 2.6834833431e-04
2025-12-08T12:22:37.889128 | 50043 | 2C5A9E86A4CCD3BE | -4.7205413497e-06
2025-12-08T12:22:37.889161 | 50042 | F04B136A95C3F0BE | -1.5987394936e-05
2025-12-08T12:22:37.889261 | 50040 | FBB278FB27E6FF3E | 3.0421302396e-05
2025-12-08T12:22:37.889526 | 50038 | D6DD382F3D2FCC3E | 3.3598574818e-06
2025-12-08T12:22:37.889608 | 50046 | 12871E76BD23373F | 3.5308242343e-04
2025-12-08T12:22:37.889805 | 50045 | C8B9B427BFC4333F | 3.0164400933e-04
2025-12-08T12:22:37.889872 | 50049 | 88B87BC4CBFE0ABF | -5.1489442340e-05
2025-12-08T12:22:37.890113 | 50044 | 2AFB4EEEA668093F | 4.8463434531e-05
2025-12-08T12:22:37.890202 | 50048 | D0E2C6418CB4023F | 3.5677461912e-05
2025-12-08T12:22:37.890482 | 50039 | A594C2DD28F0063F | 4.3750998630e-05
2025-12-08T12:22:37.986629 | 50038 | F6D75BAD28A7F6BE | -2.1603550372e-05
2025-12-08T12:22:37.986729 | 50044 | 98027FB3361D213F | 1.3057034243e-04
2025-12-08T12:22:37.986785 | 50040 | C74E5201268CED3E | 1.4089324433e-05
2025-12-08T12:22:37.986809 | 50047 | 75A273D2F6A419BF | -9.7825589012e-05
2025-12-08T12:22:37.987278 | 50041 | EDC3EC65F3B5F0BE | -1.5936608516e-05
2025-12-08T12:22:37.987497 | 50039 | 38C5874D80A0E13E | 8.4051884394e-06
2025-12-08T12:22:37.987591 | 50048 | 0EA40929F7E434BF | -3.1882318675e-04
2025-12-08T12:22:37.987896 | 50046 | 787642FD9D28383F | 3.6863190804e-04
2025-12-08T12:22:37.988255 | 50045 | 937BE73001AE1A3F | 1.0177500028e-04
2025-12-08T12:22:37.988314 | 50049 | 60FBB1F6F4830CBF | -5.4388917158e-05
2025-12-08T12:22:37.988419 | 50042 | 80527E211CB0FABE | -2.5451592677e-05
2025-12-08T12:22:37.988467 | 50043 | B0378DA4E233F0BE | -1.5452076954e-05
2025-12-08T12:22:38.087409 | 50038 | 89D6ED892766E33E | 9.2501834936e-06
2025-12-08T12:22:38.088163 | 50042 | 04ABEDC2F31D04BF | -3.8370133885e-05
2025-12-08T12:22:38.088446 | 50045 | 00CE32267489E2BE | -8.8390963298e-06
2025-12-08T12:22:38.088530 | 50048 | A401E9295A5C0D3F | 5.6001187876e-05
2025-12-08T12:22:38.088890 | 50039 | 3FE1E78766BFF53E | 2.0740183112e-05
2025-12-08T12:22:38.088964 | 50044 | 9E36AC9FC0D02BBF | -2.1221495975e-04
2025-12-08T12:22:38.089013 | 50047 | 207CD9D7E8DB2B3F | 2.1254746746e-04
2025-12-08T12:22:38.089059 | 50043 | A4BB9E3B4C19E1BE | -8.1533524855e-06
2025-12-08T12:22:38.089103 | 50046 | 2D247559343A3A3F | 4.0019777358e-04
2025-12-08T12:22:38.089620 | 50041 | 1C39E552665BFA3E | 2.5136022651e-05
2025-12-08T12:22:38.089735 | 50040 | 10B142949035D83E | 5.7719319707e-06
2025-12-08T12:22:38.089668 | 50049 | 8A9CDB58D70328BF | -1.8321994542e-04
2025-12-08T12:22:38.187558 | 50038 | F6109C490AA8EABE | -1.2710765350e-05
2025-12-08T12:22:38.188139 | 50043 | E623B0B18B5FFFBE | -2.9919839204e-05
2025-12-08T12:22:38.188258 | 50039 | EF9D62D3D52AFA3E | 2.4955105993e-05
2025-12-08T12:22:38.188189 | 50044 | 4F2C6B8A8A03283F | 1.8321100398e-04
2025-12-08T12:22:38.188522 | 50049 | F8B50583856318BF | -9.3035720743e-05
2025-12-08T12:22:38.188581 | 50042 | D78B6EF5C6E6FCBE | -2.7562592858e-05
2025-12-08T12:22:38.188825 | 50046 | CE49C54378B23D3F | 4.5314251090e-04
2025-12-08T12:22:38.188896 | 50045 | 39C0280368EF353F | 3.3470429767e-04
2025-12-08T12:22:38.189241 | 50047 | 84A61D695BF3273F | 1.8272868015e-04
2025-12-08T12:22:38.189464 | 50040 | 6F2E995892F7F03E | 1.6181065382e-05
2025-12-08T12:22:38.189530 | 50048 | 3C5D6903817324BF | -1.5603017683e-04
2025-12-08T12:22:38.189575 | 50041 | F2F176BF7A35EFBE | -1.4881565206e-05
2025-12-08T12:22:38.288885 | 50038 | BCC33F933292B83E | 1.4645507465e-06
2025-12-08T12:22:38.289190 | 50045 | 3AC63806481E3E3F | 4.5956858068e-04
2025-12-08T12:22:38.289276 | 50042 | 607BD776CBB3F2BE | -1.7835925453e-05
2025-12-08T12:22:38.289371 | 50047 | 5F5BC223F35322BF | -1.3983099951e-04
2025-12-08T12:22:38.289578 | 50049 | 20F382E4F54F3FBF | -4.7778847921e-04
2025-12-08T12:22:38.289620 | 50043 | 966C488D66F006BF | -4.3752793918e-05
2025-12-08T12:22:38.289692 | 50044 | E86DCA0EF5B7FE3E | 2.9295523677e-05
2025-12-08T12:22:38.289656 | 50046 | 908174F79907093F | 4.7740350903e-05
2025-12-08T12:22:38.289818 | 50039 | A4B9A97C5A5BF93E | 2.4182176086e-05
2025-12-08T12:22:38.290197 | 50041 | 0FB3B523C27EF2BE | -1.7638349374e-05
2025-12-08T12:22:38.291809 | 50040 | 7F34D8A582AFFA3E | 2.5449359205e-05
2025-12-08T12:22:38.293900 | 50048 | 392B2386052F12BF | -6.9365226895e-05
2025-12-08T12:22:38.388988 | 50038 | 26D2C6593A9ED23E | 4.4388956692e-06
2025-12-08T12:22:38.389638 | 50041 | 33C3CD5A9E26F3BE | -1.8263677407e-05
2025-12-08T12:22:38.389698 | 50048 | 21C226FA0B0127BF | -1.7550727087e-04
2025-12-08T12:22:38.389847 | 50049 | 177BA2CCDEBC3ABF | -4.0798606336e-04
2025-12-08T12:22:38.389995 | 50043 | E00E68022E4CF6BE | -2.1264626549e-05
2025-12-08T12:22:38.390130 | 50045 | 3C8E5616C678213F | 1.3329904611e-04
2025-12-08T12:22:38.390220 | 50046 | C63DD1398A7A173F | 8.9564024578e-05
2025-12-08T12:22:38.390526 | 50044 | E2133355684326BF | -1.6985558123e-04
2025-12-08T12:22:38.390610 | 50040 | 1012CDD5A252083F | 4.6392053923e-05
2025-12-08T12:22:38.390704 | 50042 | 70D1F0B3B184DCBE | -6.7993012741e-06
2025-12-08T12:22:38.390783 | 50039 | 45434E96BC78ED3E | 1.4053167158e-05
2025-12-08T12:22:38.390877 | 50047 | E2634E78A2592A3F | 2.0103557850e-04
2025-12-08T12:22:38.490065 | 50038 | 5CCDB4F7F3CCF53E | 2.0790670061e-05
2025-12-08T12:22:38.490165 | 50040 | 18FCAA9E7819C83E | 2.8728838875e-06
2025-12-08T12:22:38.490225 | 50041 | 40F865338E3EF6BE | -2.1213872253e-05
2025-12-08T12:22:38.490272 | 50044 | C45FE053EC7A263F | 1.7151007518e-04
2025-12-08T12:22:38.490304 | 50046 | 8082A1D39BBC073F | 4.5274262860e-05
2025-12-08T12:22:38.490332 | 50042 | 48BC17737C87E4BE | -9.7891057491e-06
2025-12-08T12:22:38.490359 | 50039 | AC7A90667306013F | 3.2472988842e-05
2025-12-08T12:22:38.490436 | 50047 | 0E8D34FE918C363F | 3.4407200129e-04
2025-12-08T12:22:38.490772 | 50045 | 8066D212EE22DBBE | -6.4698327097e-06
2025-12-08T12:22:38.490869 | 50043 | CC73FC0A83F1EBBE | -1.3324454215e-05
2025-12-08T12:22:38.490957 | 50049 | A5A1C2DEDEBB22BF | -1.4292808135e-04
2025-12-08T12:22:38.491505 | 50048 | 515540CEB7C838BF | -3.7817466205e-04
2025-12-08T12:22:38.590036 | 50040 | B0C3E6BB02FAC93E | 3.0966525337e-06
2025-12-08T12:22:38.590470 | 50043 | 481606DFC6630ABF | -5.0334459846e-05
2025-12-08T12:22:38.590719 | 50049 | 16D698BBF36F1CBF | -1.0847973945e-04
2025-12-08T12:22:38.590860 | 50044 | 5C2D2AF582E6163F | 8.7358229658e-05
2025-12-08T12:22:38.590955 | 50045 | EECC69958483373F | 3.5879122644e-04
2025-12-08T12:22:38.591056 | 50046 | 44AB1D30DACF113F | 6.7947094093e-05
2025-12-08T12:22:38.591303 | 50039 | E18FA0233FC3F73E | 2.2661859681e-05
2025-12-08T12:22:38.591400 | 50042 | 64A0158B227005BF | -4.0889791658e-05
2025-12-08T12:22:38.591491 | 50047 | 1618A4E43119223F | 1.3807996795e-04
2025-12-08T12:22:38.591438 | 50048 | 311299A66BAB35BF | -3.3065202897e-04
2025-12-08T12:22:38.591715 | 50041 | B9FEA9BC513AEB3E | 1.2983231405e-05
2025-12-08T12:22:38.591774 | 50038 | 13B5FDDB5C30F33E | 1.8299977227e-05
2025-12-08T12:22:38.690243 | 50040 | ABC395E1C3A2003F | 3.1730273075e-05
2025-12-08T12:22:38.690650 | 50043 | A56F5E3EFCC7FCBE | -2.7447884257e-05
2025-12-08T12:22:38.690823 | 50046 | C27B644A3C593A3F | 4.0204736651e-04
2025-12-08T12:22:38.690967 | 50039 | 620F9E3B7709E43E | 9.5543745038e-06
2025-12-08T12:22:38.691024 | 50042 | 24C3D516AC39D8BE | -5.7757573421e-06
2025-12-08T12:22:38.691046 | 50045 | 60480405ACBEF4BE | -1.9783794699e-05
2025-12-08T12:22:38.691420 | 50044 | DD1EE95ACCC431BF | -2.7112950457e-04
2025-12-08T12:22:38.691472 | 50047 | 47259AF640321F3F | 1.1900445466e-04
2025-12-08T12:22:38.691574 | 50049 | 78215308C16A30BF | -2.5050366123e-04
2025-12-08T12:22:38.691636 | 50038 | 407C1B76FBCFDF3E | 7.5846745362e-06
2025-12-08T12:22:38.691765 | 50048 | 3D9CCE12BAB622BF | -1.4277478604e-04
2025-12-08T12:22:38.692147 | 50041 | 71D926B3ECE7F8BE | -2.3752170088e-05
2025-12-08T12:22:38.791134 | 50039 | 9FE3F8F16D50F73E | 2.2234132415e-05
2025-12-08T12:22:38.791261 | 50040 | 1C5FFF913D4BD73E | 5.5537005039e-06
2025-12-08T12:22:38.791469 | 50048 | 4B873CA6C19F23BF | -1.4971960911e-04
2025-12-08T12:22:38.791639 | 50044 | F0F02108370132BF | -2.7473062085e-04
2025-12-08T12:22:38.791722 | 50038 | F6BFE4FD954CEABE | -1.2540418478e-05
2025-12-08T12:22:38.791744 | 50043 | 793B61CEB738F7BE | -2.2145800266e-05
2025-12-08T12:22:38.792036 | 50042 | 43559B320830FBBE | -2.5928139769e-05
2025-12-08T12:22:38.792112 | 50045 | 73FDF5B610522E3F | 2.3132757222e-04
2025-12-08T12:22:38.792162 | 50049 | 4E0053A536EA31BF | -2.7335962416e-04
2025-12-08T12:22:38.792209 | 50047 | 4F4A76817CB12F3F | 2.4180073590e-04
2025-12-08T12:22:38.792513 | 50041 | 7AC50A1E9B3CF8BE | -2.3113958266e-05
2025-12-08T12:22:38.792720 | 50046 | B8D0DB1544A61D3F | 1.1310377655e-04
2025-12-08T12:22:38.891822 | 50038 | FFF39C9EA5CAF53E | 2.0782079367e-05
2025-12-08T12:22:38.892040 | 50040 | B2705DF8E39C033F | 3.7408549402e-05
2025-12-08T12:22:38.892665 | 50046 | 62EB1C1D79F2383F | 3.8066346052e-04
2025-12-08T12:22:38.892910 | 50044 | 1A4AF6819F4F1FBF | -1.1944209154e-04
2025-12-08T12:22:38.893015 | 50041 | D84BCB776871EA3E | 1.2609005119e-05
2025-12-08T12:22:38.893076 | 50039 | D8584037521CF13E | 1.6317967905e-05
2025-12-08T12:22:38.893273 | 50049 | EFD2F6FE112833BF | -2.9230536799e-04
2025-12-08T12:22:38.893929 | 50042 | 5974444F9D6108BF | -4.6503651818e-05
2025-12-08T12:22:38.894590 | 50047 | 8233B57E2EFE22BF | -1.4490430417e-04
2025-12-08T12:22:38.895289 | 50043 | 683938C22BCBDABE | -6.3881007324e-06
2025-12-08T12:22:38.895336 | 50048 | 4AAE4CC075A31FBF | -1.2069135853e-04
2025-12-08T12:22:38.895550 | 50045 | BC2313BBC3B60F3F | 6.0489509801e-05
2025-12-08T12:22:38.991326 | 50039 | 907665918BB8F73E | 2.2621993673e-05
2025-12-08T12:22:38.991562 | 50040 | 56D461329D62F63E | 2.1348200925e-05
2025-12-08T12:22:38.991645 | 50045 | 115D82303C2A303F | 2.4665803404e-04
2025-12-08T12:22:38.992104 | 50046 | 184CB0B96A973A3F | 4.0575366592e-04
2025-12-08T12:22:38.994267 | 50044 | 724FE584F2F2FE3E | 2.9515278862e-05
2025-12-08T12:22:38.994983 | 50038 | 28354C7C2530B83E | 1.4417214384e-06
2025-12-08T12:22:38.995129 | 50043 | 28705D4937BD04BF | -3.9556741440e-05
2025-12-08T12:22:38.995243 | 50047 | 143B828F7B9109BF | -4.8767646093e-05
2025-12-08T12:22:38.995318 | 50048 | 3598460124B730BF | -2.5505665806e-04
2025-12-08T12:22:38.995780 | 50042 | 1E05F5D4C39C02BF | -3.5500265421e-05
2025-12-08T12:22:38.995890 | 50049 | 28E5C584E86F3EBF | -4.6443392491e-04
2025-12-08T12:22:38.996021 | 50041 | DEE708C27A62EB3E | 1.3058035678e-05
2025-12-08T12:22:39.091900 | 50038 | 78A24AEB170DDFBE | -7.4031701628e-06
2025-12-08T12:22:39.092624 | 50043 | CF04BB465EFCF9BE | -2.4782002966e-05
2025-12-08T12:22:39.092713 | 50044 | AEA64BFAA9A72ABF | -2.0336103366e-04
2025-12-08T12:22:39.091985 | 50042 | BA06AC70A34F02BF | -3.4925627991e-05
2025-12-08T12:22:39.093100 | 50041 | 31A04B007EE0E13E | 8.5243809819e-06
2025-12-08T12:22:39.093417 | 50049 | BE8C759366C13FBF | -4.8455004022e-04
2025-12-08T12:22:39.093625 | 50048 | 2E6D437ABEFB3ABF | -4.1173363048e-04
2025-12-08T12:22:39.093723 | 50040 | C0F2CF39134EC23E | 2.1821237639e-06
2025-12-08T12:22:39.093810 | 50045 | 276E4028CE54303F | 2.4919541488e-04
2025-12-08T12:22:39.093890 | 50039 | 85AE626941E1EC3E | 1.3771011521e-05
2025-12-08T12:22:39.093975 | 50047 | 0A53DC72FFC42E3F | 2.3475282927e-04
2025-12-08T12:22:39.094393 | 50046 | 7F5A2C7CF9FE373F | 3.6614981598e-04
2025-12-08T12:22:39.192632 | 50045 | 048E0C734C45343F | 3.0930630150e-04
2025-12-08T12:22:39.192913 | 50040 | 80C9C3BA957993BE | -2.9019923421e-07
2025-12-08T12:22:39.192971 | 50041 | C886D6F0386AE73E | 1.1165109323e-05
2025-12-08T12:22:39.193030 | 50044 | A8C4CB306433D1BE | -4.1009777873e-06
2025-12-08T12:22:39.193188 | 50046 | 524842CC7BD21C3F | 1.0994797327e-04
2025-12-08T12:22:39.193410 | 50039 | 726F5E081810033F | 3.6359532756e-05
2025-12-08T12:22:39.193628 | 50038 | CB236AE6F884D63E | 5.3690488132e-06
2025-12-08T12:22:39.193658 | 50042 | B320B91A6B4B01BF | -3.2986837451e-05
2025-12-08T12:22:39.193683 | 50047 | C38F4BC29BDF16BF | -8.7255365155e-05
2025-12-08T12:22:39.193819 | 50049 | 7C34E3C2F4BB3CBF | -4.3844915025e-04
2025-12-08T12:22:39.193906 | 50048 | 40F78FAE05EDD93E | 6.1812085983e-06
2025-12-08T12:22:39.193982 | 50043 | 4ACD8A452963FCBE | -2.7072285180e-05
2025-12-08T12:22:39.292372 | 50039 | 2A602C713292E93E | 1.2193242161e-05
2025-12-08T12:22:39.292912 | 50043 | 790F3CC57D54F8BE | -2.3202938180e-05
2025-12-08T12:22:39.293257 | 50045 | D2EE1FAB77EC373F | 3.6504670709e-04
2025-12-08T12:22:39.293637 | 50046 | 8EAC2A05A896283F | 1.8759537723e-04
2025-12-08T12:22:39.293702 | 50038 | AB2092A021EAD6BE | -5.4632605578e-06
2025-12-08T12:22:39.293796 | 50049 | 6863AFDBC8A32EBF | -2.3376299745e-04
2025-12-08T12:22:39.293873 | 50048 | 282689081D36F83E | 2.3089771761e-05
2025-12-08T12:22:39.293990 | 50044 | 2DBC0A15E50727BF | -1.7571135915e-04
2025-12-08T12:22:39.294831 | 50040 | 8679183DF64CF23E | 1.7452843002e-05
2025-12-08T12:22:39.294880 | 50041 | 08E39BBF8BDBE1BE | -8.5151677811e-06
2025-12-08T12:22:39.295032 | 50047 | E4FA16EFBA59263F | 1.7052084836e-04
2025-12-08T12:22:39.295271 | 50042 | D898CCDB3B08CBBE | -3.2224849903e-06
2025-12-08T12:22:39.392739 | 50038 | EF0FE9E41C4EF43E | 1.9364479437e-05
2025-12-08T12:22:39.393932 | 50039 | 5B3564ECF2F2083F | 4.7586477694e-05
2025-12-08T12:22:39.394088 | 50043 | 676FA30A53F001BF | -3.4215482928e-05
2025-12-08T12:22:39.394188 | 50049 | B2CA18358DD438BF | -3.7887999960e-04
2025-12-08T12:22:39.394236 | 50048 | 101DDBBC9608E1BE | -8.1222296119e-06
2025-12-08T12:22:39.394305 | 50042 | 95C9547BB1DCFCBE | -2.7525027425e-05
2025-12-08T12:22:39.394359 | 50044 | A102D93CBCE804BF | -3.9880985792e-05
2025-12-08T12:22:39.394624 | 50041 | D4A81255B4FCB13E | 1.0721162947e-06
2025-12-08T12:22:39.394733 | 50047 | 95E80D9AAE3B313F | 2.6295674075e-04
2025-12-08T12:22:39.395810 | 50040 | 78F7456F8FCB083F | 4.7293009547e-05
2025-12-08T12:22:39.395899 | 50045 | 9CDED7CE2C4B393F | 3.8595050759e-04
2025-12-08T12:22:39.396100 | 50046 | C9E196344EA7343F | 3.1514796555e-04
2025-12-08T12:22:39.494685 | 50041 | CC4E644A346BF13E | 1.6611830369e-05
2025-12-08T12:22:39.494779 | 50045 | C720BAE757EC343F | 3.1926294444e-04
2025-12-08T12:22:39.494824 | 50048 | 2B225BB20FA532BF | -2.8449662419e-04
2025-12-08T12:22:39.494861 | 50049 | 9295C604A86C41BF | -5.3175167118e-04
2025-12-08T12:22:39.494945 | 50044 | 0CF4AC3C0264043F | 3.8892095822e-05
2025-12-08T12:22:39.495651 | 50046 | 14B4DC73596A403F | 5.0095908930e-04
2025-12-08T12:22:39.495946 | 50043 | E7BF9BA918C700BF | -3.2000961438e-05
2025-12-08T12:22:39.496017 | 50039 | 4CFD4260F2AC083F | 4.7064921121e-05
2025-12-08T12:22:39.496110 | 50042 | EAB3558540FAE3BE | -9.5260367441e-06
2025-12-08T12:22:39.496284 | 50040 | 80D40388DFB3A7BE | -7.0639340779e-07
2025-12-08T12:22:39.497026 | 50038 | 85A31CC92500D0BE | -3.8148347288e-06
2025-12-08T12:22:39.497173 | 50047 | AE8FF8CF99FE23BF | -1.5254619210e-04
2025-12-08T12:22:39.594625 | 50038 | AA4FA1E7A873F23E | 1.7597003968e-05
2025-12-08T12:22:39.595236 | 50042 | 35343A72E28205BF | -4.1029487218e-05
2025-12-08T12:22:39.595636 | 50048 | 502083E123FB0C3F | 5.5276901720e-05
2025-12-08T12:22:39.595704 | 50043 | 3AD6F4E4CD5007BF | -4.4471057317e-05
2025-12-08T12:22:39.595765 | 50040 | B857FB90FC85D03E | 3.9394819990e-06
2025-12-08T12:22:39.595828 | 50039 | 828164C40D1AF83E | 2.2985241480e-05
2025-12-08T12:22:39.595867 | 50046 | AB3C0D844F033D3F | 4.4270221047e-04
2025-12-08T12:22:39.596212 | 50045 | B01E55A46B923E3F | 4.6649101235e-04
2025-12-08T12:22:39.596309 | 50041 | A7F3F320F9E4FBBE | -2.6602198031e-05
2025-12-08T12:22:39.596377 | 50044 | 0F65019DBFBE0B3F | 5.2919600080e-05
2025-12-08T12:22:39.596609 | 50049 | 9CB664EC05B02DBF | -2.2649833972e-04
2025-12-08T12:22:39.596738 | 50047 | 04C35531023B303F | 2.4765780957e-04
2025-12-08T12:22:39.694816 | 50038 | 94A53EF03569C33E | 2.3139690501e-06
2025-12-08T12:22:39.695729 | 50039 | 7893C18A05D9023F | 3.5949212674e-05
2025-12-08T12:22:39.696831 | 50041 | 745EBEFAFFE4ADBE | -8.9092644860e-07
2025-12-08T12:22:39.696930 | 50042 | F24A93A9DBC4E7BE | -1.1333931342e-05
2025-12-08T12:22:39.697133 | 50048 | B8BECB7992272DBF | -2.2243178400e-04
2025-12-08T12:22:39.697420 | 50040 | 1036494A7C65053F | 4.0810447250e-05
2025-12-08T12:22:39.697466 | 50045 | 0325BE9BFEB53C3F | 4.3809381509e-04
2025-12-08T12:22:39.697586 | 50043 | 08D3155FF94FDBBE | -6.5117833271e-06
2025-12-08T12:22:39.697849 | 50049 | 081419D2621228BF | -1.8365341480e-04
2025-12-08T12:22:39.697966 | 50047 | 61E74A7BD6BD12BF | -7.1493354720e-05
2025-12-08T12:22:39.698014 | 50044 | 4084353942BC163F | 8.6728612862e-05
2025-12-08T12:22:39.698176 | 50046 | 578548DB64C6323F | 2.8648340529e-04
2025-12-08T12:22:39.796029 | 50038 | 21F46DE74CC0F33E | 1.8836186850e-05
2025-12-08T12:22:39.796517 | 50040 | 23A7769885B5EC3E | 1.3689551237e-05
2025-12-08T12:22:39.796881 | 50042 | 04A235AFB053DABE | -6.2768256045e-06
2025-12-08T12:22:39.797144 | 50044 | C8A80A52CECE103F | 6.4116804888e-05
2025-12-08T12:22:39.797216 | 50041 | 100BE6CFD5D2D0BE | -4.0110528502e-06
2025-12-08T12:22:39.797264 | 50047 | C89D41A30010183F | 9.1791190074e-05
2025-12-08T12:22:39.797316 | 50043 | BAD3C4D3CC91E0BE | -7.9009683921e-06
2025-12-08T12:22:39.797364 | 50049 | 2ED7B9F66C1B41BF | -5.2206821915e-04
2025-12-08T12:22:39.797746 | 50048 | 70AA2DA8C3C537BF | -3.6273981839e-04
2025-12-08T12:22:39.797974 | 50039 | F5DEA30436C7FB3E | 2.6491325380e-05
2025-12-08T12:22:39.798168 | 50045 | 174E74ADA81E323F | 2.7648561577e-04
2025-12-08T12:22:39.798262 | 50046 | F1A632A05EA73D3F | 4.5248089027e-04
2025-12-08T12:22:39.896507 | 50038 | 44F1A385216EE23E | 8.7882037190e-06
2025-12-08T12:22:39.896705 | 50039 | 6E00624B6405E33E | 9.0699489699e-06
2025-12-08T12:22:39.898029 | 50042 | 8ACB72379CDA01BF | -3.4053699829e-05
2025-12-08T12:22:39.898204 | 50041 | 539F494A168AD9BE | -6.0890680841e-06
2025-12-08T12:22:39.898291 | 50048 | 35244140D7E225BF | -1.6697766853e-04
2025-12-08T12:22:39.898415 | 50045 | 5ED31007903C243F | 1.5439279699e-04
2025-12-08T12:22:39.898464 | 50047 | 827C85AC4E402D3F | 2.2316894889e-04
2025-12-08T12:22:39.898653 | 50046 | 8732124FAC973F3F | 4.8206288108e-04
2025-12-08T12:22:39.898692 | 50043 | 4C4EDC56BFD0D0BE | -4.0091084495e-06
2025-12-08T12:22:39.898979 | 50044 | 229BAFCFDEB6F33E | 1.8801057177e-05
2025-12-08T12:22:39.899129 | 50049 | 0E1DDD68587C2DBF | -2.2495822162e-04
2025-12-08T12:22:39.900576 | 50040 | A4306CC41649E43E | 9.6728819137e-06
2025-12-08T12:22:39.999775 | 50039 | F47A6A1B641A033F | 3.6436252619e-05
2025-12-08T12:22:39.999855 | 50038 | F256A9F86DBAE4BE | -9.8839953086e-06
2025-12-08T12:22:40.000069 | 50045 | EBAE27ED16DC303F | 2.5725898482e-04
2025-12-08T12:22:40.000138 | 50040 | B68692DDEF6CE63E | 1.0693328408e-05
2025-12-08T12:22:40.000188 | 50043 | 59B33846F315FEBE | -2.8692000695e-05
2025-12-08T12:22:40.000237 | 50047 | 64622E1B9F65143F | 7.7808223791e-05
2025-12-08T12:22:40.000296 | 50042 | 69627A07134B03BF | -3.6798971391e-05
2025-12-08T12:22:40.000366 | 50049 | D88A0FFD35E83EBF | -4.7160451964e-04
2025-12-08T12:22:40.000588 | 50048 | 0DBF94363C542EBF | -2.3139224076e-04
2025-12-08T12:22:40.001874 | 50041 | E820415FACB0F23E | 1.7824297132e-05
2025-12-08T12:22:40.001963 | 50044 | 591AC9160506023F | 3.4377126984e-05
2025-12-08T12:22:40.002076 | 50046 | 7217DA369D302C3F | 2.1507186050e-04
2025-12-08T12:22:40.101236 | 50038 | 4073CECC8718003F | 3.0700344360e-05
2025-12-08T12:22:40.102867 | 50039 | 3C9DCF691636023F | 3.4735259056e-05
2025-12-08T12:22:40.102980 | 50042 | E82AC6EF1BA5DABE | -6.3526529143e-06
2025-12-08T12:22:40.103128 | 50048 | E892173B58D2F93E | 2.4625452800e-05
2025-12-08T12:22:40.103217 | 50047 | 3787A71AD31413BF | -7.2789559148e-05
2025-12-08T12:22:40.103397 | 50040 | 1AF0C41ACC8BFE3E | 2.9131014956e-05
2025-12-08T12:22:40.103551 | 50043 | 2F970BE3F851EABE | -1.2550451261e-05
2025-12-08T12:22:40.103871 | 50046 | B64D7DE5C6D8283F | 1.8956592498e-04
2025-12-08T12:22:40.104028 | 50041 | 5A4322C22A04DBBE | -6.4411824800e-06
2025-12-08T12:22:40.105094 | 50049 | AFCD9B50F81141BF | -5.2094101667e-04
2025-12-08T12:22:40.105269 | 50044 | D40D7D863718223F | 1.3805082130e-04
2025-12-08T12:22:40.105341 | 50045 | D8E3F834704DF73E | 2.2222989456e-05
2025-12-08T12:22:40.201796 | 50038 | CF84C3C60B9EFB3E | 2.6337973780e-05
2025-12-08T12:22:40.201971 | 50040 | 097F56822996F73E | 2.2493906859e-05
2025-12-08T12:22:40.202071 | 50039 | 9AF98440F348F43E | 1.9345247013e-05
2025-12-08T12:22:40.202412 | 50046 | FE355C5F455B163F | 8.5283383523e-05
2025-12-08T12:22:40.202555 | 50048 | 480FB779E39126BF | -1.7219449806e-04
2025-12-08T12:22:40.202616 | 50049 | 222C88AB51A613BF | -7.4957594627e-05
2025-12-08T12:22:40.202704 | 50041 | ACD2088C9011E1BE | -8.1389483749e-06
2025-12-08T12:22:40.202788 | 50047 | 215881F2779D16BF | -8.6269804002e-05
2025-12-08T12:22:40.202867 | 50042 | A20830129BB508BF | -4.7129435437e-05
2025-12-08T12:22:40.202935 | 50043 | 460DF4C9F56EF5BE | -2.0440519276e-05
2025-12-08T12:22:40.203002 | 50045 | 88D26B6F6B97F1BE | -1.6776545602e-05
2025-12-08T12:22:40.203165 | 50044 | 31978C8B835632BF | -2.7981483031e-04
2025-12-08T12:22:40.301971 | 50040 | E51740A1B1C3E63E | 1.0854925712e-05
2025-12-08T12:22:40.302643 | 50039 | 5E9AF855EF58023F | 3.4994892072e-05
2025-12-08T12:22:40.302766 | 50049 | 52FEC2C3799331BF | -2.6818964740e-04
2025-12-08T12:22:40.302899 | 50042 | C63991BE9F83E7BE | -1.1212423447e-05
2025-12-08T12:22:40.303034 | 50048 | 1E126E42730E34BF | -3.0603708222e-04
2025-12-08T12:22:40.303088 | 50041 | 048AF655D6D2FDBE | -2.8441985135e-05
2025-12-08T12:22:40.303148 | 50038 | 0F758EFBB299E83E | 1.1730378775e-05
2025-12-08T12:22:40.303185 | 50047 | 17FFD5F13CA7223F | 1.4231318429e-04
2025-12-08T12:22:40.303397 | 50045 | 6CFEECD8705D2B3F | 2.0877840549e-04
2025-12-08T12:22:40.303631 | 50043 | DBF54A16CB99EEBE | -1.4591577107e-05
2025-12-08T12:22:40.304109 | 50044 | 28768B919421183F | 9.2053120521e-05
2025-12-08T12:22:40.304466 | 50046 | 0407A4DE40093A3F | 3.9728006108e-04
2025-12-08T12:22:40.402024 | 50038 | 4059560C21A4DC3E | 6.8285773457e-06
2025-12-08T12:22:40.402145 | 50041 | B0E533691E55FBBE | -2.6066298756e-05
2025-12-08T12:22:40.402254 | 50039 | 7C67F763F0B2DE3E | 7.3192073269e-06
2025-12-08T12:22:40.402633 | 50043 | B1C369A76E2002BF | -3.4573914424e-05
2025-12-08T12:22:40.403049 | 50049 | AFFCA58829F021BF | -1.3685709957e-04
2025-12-08T12:22:40.403148 | 50044 | 35FD34596D542B3F | 2.0850977726e-04
2025-12-08T12:22:40.403339 | 50047 | 375F7EEC31A6273F | 1.8042907163e-04
2025-12-08T12:22:40.403440 | 50045 | CE8011379D2B2A3F | 1.9966405992e-04
2025-12-08T12:22:40.403595 | 50048 | 8698E7A35D8839BF | -3.8959776057e-04
2025-12-08T12:22:40.403671 | 50042 | 7B0B1006D68DF5BE | -2.0555541031e-05
2025-12-08T12:22:40.403823 | 50040 | 92AA8F7E8054F93E | 2.4156652135e-05
2025-12-08T12:22:40.404353 | 50046 | C0C5F79887323D3F | 4.4551668631e-04
2025-12-08T12:22:40.502793 | 50038 | 6CB77FC46D16DD3E | 6.9350272227e-06
2025-12-08T12:22:40.503151 | 50042 | 0B05117E37DD01BF | -3.4073120113e-05
2025-12-08T12:22:40.503247 | 50045 | 5AC1CCAE6C983D3F | 4.5159009351e-04
2025-12-08T12:22:40.503463 | 50040 | 40F78379ADC79C3E | 4.2885528152e-07
2025-12-08T12:22:40.504766 | 50044 | 16A3A3FB6B6E2CBF | -2.1691387321e-04
2025-12-08T12:22:40.504983 | 50043 | 8CBF2DB0F065FDBE | -2.8036311970e-05
2025-12-08T12:22:40.504796 | 50049 | 02355956FA063BBF | -4.1240321875e-04
2025-12-08T12:22:40.505083 | 50048 | E639BEDFB27334BF | -3.1207196275e-04
2025-12-08T12:22:40.505273 | 50046 | ACA0D93B7E96293F | 1.9521990719e-04
2025-12-08T12:22:40.505542 | 50041 | 0A52C6FA2E80E23E | 8.8218292483e-06
2025-12-08T12:22:40.505668 | 50039 | A044C4EA6B86EB3E | 1.3124982921e-05
2025-12-08T12:22:40.505993 | 50047 | C302B74E025F14BF | -7.7709689939e-05
2025-12-08T12:22:40.604651 | 50047 | 02D38D01DA0A25BF | -1.6054068763e-04
2025-12-08T12:22:40.604815 | 50045 | 5971B07503A1383F | 3.7580809084e-04
2025-12-08T12:22:40.604919 | 50049 | 8C1DCCF91A8828BF | -1.8716172499e-04
2025-12-08T12:22:40.605100 | 50043 | E7FD8932271406BF | -4.2111822329e-05
2025-12-08T12:22:40.605150 | 50048 | 60F65B356AE3EDBE | -1.4251870805e-05
2025-12-08T12:22:40.605207 | 50044 | AB087121890B17BF | -8.7909931936e-05
2025-12-08T12:22:40.605272 | 50042 | 7FA9FC98003806BF | -4.2378919828e-05
2025-12-08T12:22:40.605411 | 50041 | B62FFE716B67F6BE | -2.1366103396e-05
2025-12-08T12:22:40.605523 | 50039 | E8697E6AA718ED3E | 1.3874199183e-05
2025-12-08T12:22:40.605639 | 50038 | 00E04C862915CBBE | -3.2285052377e-06
2025-12-08T12:22:40.608380 | 50046 | ACF86804F26C143F | 7.7917357978e-05
2025-12-08T12:22:40.609744 | 50040 | AC6289101BE6E13E | 8.5348369946e-06
2025-12-08T12:22:40.704742 | 50038 | 0F9A142A9350E2BE | -8.7331512214e-06
2025-12-08T12:22:40.704867 | 50040 | 6E3E2FF09E2AF03E | 1.5417564111e-05
2025-12-08T12:22:40.705307 | 50039 | B1AD53A0158E093F | 4.8742327673e-05
2025-12-08T12:22:40.705562 | 50041 | 1DE5541726A3F13E | 1.6820239997e-05
2025-12-08T12:22:40.705665 | 50043 | 23A4F0B3295F04BF | -3.8855991527e-05
2025-12-08T12:22:40.705759 | 50044 | 8C593EEABE8430BF | -2.5205288898e-04
2025-12-08T12:22:40.705811 | 50046 | 7DD66FD8A52E2A3F | 1.9975447159e-04
2025-12-08T12:22:40.705855 | 50045 | C5ABBD6C6963323F | 2.8058360907e-04
2025-12-08T12:22:40.705889 | 50047 | AC4AFAA3A21B08BF | -4.5982266326e-05
2025-12-08T12:22:40.706307 | 50042 | 639EED0114E001BF | -3.4094439107e-05
2025-12-08T12:22:40.706591 | 50048 | D0F848D439ADE23E | 8.9057272216e-06
2025-12-08T12:22:40.706899 | 50049 | 2F180BDE863A20BF | -1.2381454783e-04
2025-12-08T12:22:40.805724 | 50042 | 96C1AB2C4786F8BE | -2.3388408219e-05
2025-12-08T12:22:40.806275 | 50041 | C092A3F780A0A93E | 7.6374315874e-07
2025-12-08T12:22:40.806414 | 50040 | 817787213B76FA3E | 2.5235976951e-05
2025-12-08T12:22:40.806752 | 50047 | 0066B33BC12BE7BE | -1.1048754337e-05
2025-12-08T12:22:40.806908 | 50038 | FDC3F8AAF58BEC3E | 1.3612135574e-05
2025-12-08T12:22:40.806965 | 50046 | C31B8E57C537243F | 1.5424999199e-04
2025-12-08T12:22:40.807010 | 50045 | 44338AAD72B7333F | 3.0085134271e-04
2025-12-08T12:22:40.807397 | 50049 | 442C600289FA3BBF | -4.2692036584e-04
2025-12-08T12:22:40.807498 | 50039 | 76EAA1996CEEE03E | 8.0734942467e-06
2025-12-08T12:22:40.807655 | 50043 | 26A6FC3ED310F1BE | -1.6275142058e-05
2025-12-08T12:22:40.807706 | 50048 | D079795CFAAF12BF | -7.1286826932e-05
2025-12-08T12:22:40.807732 | 50044 | 0288D19A91FC25BF | -1.6774442102e-04
2025-12-08T12:22:40.906116 | 50040 | 1802DEB63CB6CD3E | 3.5419301900e-06
2025-12-08T12:22:40.906354 | 50038 | 07E505040991FC3E | 2.7243179149e-05
2025-12-08T12:22:40.906731 | 50041 | 4404FC2BF498D0BE | -3.9571465889e-06
2025-12-08T12:22:40.906901 | 50049 | EA0F74B8DCDD29BF | -1.9734687178e-04
2025-12-08T12:22:40.907016 | 50043 | B0A49B86B819DABE | -6.2228374220e-06
2025-12-08T12:22:40.907372 | 50047 | F62C7AB38779293F | 1.9435674198e-04
2025-12-08T12:22:40.907530 | 50048 | 1C8CE33375D013BF | -7.5585511670e-05
2025-12-08T12:22:40.907681 | 50045 | 32F3ABA8F5E23A3F | 4.1025636226e-04
2025-12-08T12:22:40.907842 | 50046 | 5E672425FCFD3A3F | 4.1186719786e-04
2025-12-08T12:22:40.907916 | 50042 | FC743744465904BF | -3.8812119353e-05
2025-12-08T12:22:40.908235 | 50044 | D733D99FF021233F | 1.4596998510e-04
2025-12-08T12:22:40.908580 | 50039 | 7AEBDB10277BFB3E | 2.6207985733e-05
2025-12-08T12:22:41.007283 | 50038 | ECB1161A4E39FC3E | 2.6916358939e-05
2025-12-08T12:22:41.007379 | 50042 | 253FDEF7527708BF | -4.6665400972e-05
2025-12-08T12:22:41.007470 | 50045 | 9437BB4D85D5383F | 3.7893776401e-04
2025-12-08T12:22:41.007552 | 50048 | 0E48002B7E4218BF | -9.2543554956e-05
2025-12-08T12:22:41.007737 | 50046 | 6A5406524B5E3D3F | 4.4812525632e-04
2025-12-08T12:22:41.007909 | 50040 | 93634BB6817FF23E | 1.7641137123e-05
2025-12-08T12:22:41.008128 | 50039 | B4D726C07EADEA3E | 1.2720925956e-05
2025-12-08T12:22:41.008453 | 50041 | 0D382C67B8E1FBBE | -2.6590080277e-05
2025-12-08T12:22:41.008526 | 50043 | 6808800C43B8CDBE | -3.5428730349e-06
2025-12-08T12:22:41.008709 | 50049 | 0A6913B08F9621BF | -1.3418678285e-04
2025-12-08T12:22:41.009068 | 50047 | A6F3A207A30F1C3F | 1.0704453044e-04
2025-12-08T12:22:41.009125 | 50044 | D63EAF9CADB328BF | -1.8846029556e-04
2025-12-08T12:22:41.106977 | 50040 | C3088038502C003F | 3.0847738401e-05
2025-12-08T12:22:41.107246 | 50041 | 08E98E84B9DBBDBE | -1.7796933369e-06
2025-12-08T12:22:41.107417 | 50046 | 905B2B43B209223F | 1.3761807494e-04
2025-12-08T12:22:41.107902 | 50045 | D0E10EC458C0373F | 3.6241690764e-04
2025-12-08T12:22:41.108801 | 50039 | EA22ECB77EEC013F | 3.4186951771e-05
2025-12-08T12:22:41.108900 | 50049 | 861F38B7278038BF | -3.7384957906e-04
2025-12-08T12:22:41.108943 | 50047 | DBC8D2A3539A243F | 1.5718718524e-04
2025-12-08T12:22:41.108993 | 50042 | A5AA8579599F02BF | -3.5519521762e-05
2025-12-08T12:22:41.109083 | 50048 | E648473751ED39BF | -3.9561493693e-04
2025-12-08T12:22:41.110193 | 50038 | 600426CE0225D83E | 5.7565150392e-06
2025-12-08T12:22:41.110796 | 50043 | B4605A4C0C3E06BF | -4.2423963845e-05
2025-12-08T12:22:41.110986 | 50044 | 23DA6DCDE61427BF | -1.7609898961e-04
2025-12-08T12:22:41.207602 | 50039 | 1A2284536E6DF53E | 2.0434822745e-05
2025-12-08T12:22:41.208796 | 50038 | AEF7055CB4A8013F | 3.3681873449e-05
2025-12-08T12:22:41.210679 | 50044 | 198D795DB4562A3F | 2.0094825480e-04
2025-12-08T12:22:41.210836 | 50045 | AA6118B98ED4303F | 2.5681003999e-04
2025-12-08T12:22:41.211085 | 50048 | 406BC49F2D4D10BF | -6.2185201334e-05
2025-12-08T12:22:41.211141 | 50041 | 1A970F774C3AF1BE | -1.6429642930e-05
2025-12-08T12:22:41.211209 | 50042 | 0A4495663832E6BE | -1.0583960107e-05
2025-12-08T12:22:41.211489 | 50040 | D42147C2D20AD1BE | -4.0631958069e-06
2025-12-08T12:22:41.211575 | 50046 | E458AC012C6B403F | 5.0105713612e-04
2025-12-08T12:22:41.211617 | 50047 | 62F198DFFA072A3F | 1.9860207958e-04
2025-12-08T12:22:41.212272 | 50049 | EA20B0ECAD6A3EBF | -4.6412225919e-04
2025-12-08T12:22:41.212443 | 50043 | 3887D90745A9D8BE | -5.8796905456e-06
2025-12-08T12:22:41.309955 | 50040 | 12C28CDB1F38D23E | 4.3438043853e-06
2025-12-08T12:22:41.310304 | 50038 | 18BDEBB09B8DF73E | 2.2462040813e-05
2025-12-08T12:22:41.310375 | 50045 | 8CACCEDD8FF03D3F | 4.5684349407e-04
2025-12-08T12:22:41.310464 | 50043 | D8DDC7E8B420FABE | -2.4917374093e-05
2025-12-08T12:22:41.310725 | 50041 | CC2852CF4DC2F4BE | -1.9797324928e-05
2025-12-08T12:22:41.311253 | 50048 | E45490455F4B003F | 3.1079144442e-05
2025-12-08T12:22:41.311314 | 50047 | E147EC59F15E17BF | -8.9152794754e-05
2025-12-08T12:22:41.311407 | 50042 | E633FEC6105007BF | -4.4465553287e-05
2025-12-08T12:22:41.311490 | 50046 | 3ADBAF1B066C1B3F | 1.0460650712e-04
2025-12-08T12:22:41.311798 | 50039 | C27C6BAD9FDAFB3E | 2.6563643440e-05
2025-12-08T12:22:41.311837 | 50044 | F81D6FE7E8BA1A3F | 1.0196730169e-04
2025-12-08T12:22:41.312290 | 50049 | 08BC2731CE1A3BBF | -4.1358503327e-04
2025-12-08T12:22:41.410468 | 50038 | 9725438262F7D53E | 5.2371852101e-06
2025-12-08T12:22:41.411223 | 50039 | 14CE9FE26258DF3E | 7.4732920812e-06
2025-12-08T12:22:41.411528 | 50041 | AC95C09F0C11C03E | 1.9152878377e-06
2025-12-08T12:22:41.411646 | 50047 | FA975BBB66B60F3F | 6.0486803177e-05
2025-12-08T12:22:41.411707 | 50044 | 5E4C75D4960207BF | -4.3888309444e-05
2025-12-08T12:22:41.411751 | 50042 | A05B0B61E66E04BF | -3.8973241436e-05
2025-12-08T12:22:41.412011 | 50045 | 900825787417303F | 2.4553864946e-04
2025-12-08T12:22:41.412190 | 50048 | BF955E0C9A7032BF | -2.8136979051e-04
2025-12-08T12:22:41.412566 | 50049 | 66BFD9B583802ABF | -2.0219428818e-04
2025-12-08T12:22:41.412673 | 50040 | 3B62CCD12937013F | 3.2835925799e-05
2025-12-08T12:22:41.412934 | 50043 | 9C6EF3668689D4BE | -4.8964517269e-06
2025-12-08T12:22:41.413080 | 50046 | CA93F05554873E3F | 4.6582993486e-04
2025-12-08T12:22:41.510659 | 50039 | 324463F2494DFB3E | 2.6037129964e-05
2025-12-08T12:22:41.511267 | 50043 | 587FB98DB6C200BF | -3.1968303770e-05
2025-12-08T12:22:41.511363 | 50046 | 83230C2A235D313F | 2.6495083334e-04
2025-12-08T12:22:41.511450 | 50042 | DDCDD0F0A934F0BE | -1.5454977120e-05
2025-12-08T12:22:41.511565 | 50044 | 7483163FE2FBF1BE | -1.7150803563e-05
2025-12-08T12:22:41.511749 | 50038 | A6505135937FF43E | 1.9548740358e-05
2025-12-08T12:22:41.511998 | 50047 | B37B3F0447B921BF | -1.3522140409e-04
2025-12-08T12:22:41.512068 | 50041 | 809D9DC5B4A3ABBE | -8.2372060748e-07
2025-12-08T12:22:41.512146 | 50040 | 60ED7AA4577BE73E | 1.1196997675e-05
2025-12-08T12:22:41.512213 | 50049 | D275803E5B142ABF | -1.9897092648e-04
2025-12-08T12:22:41.512441 | 50045 | 0C7E19AAC194303F | 2.5300720345e-04
2025-12-08T12:22:41.512603 | 50048 | 70004B4DC58634BF | -3.1320874158e-04
2025-12-08T12:22:41.611662 | 50043 | 56A747701B77ECBE | -1.3573294844e-05
2025-12-08T12:22:41.611842 | 50044 | 5213B2CADB2C2D3F | 2.2258933072e-04
2025-12-08T12:22:41.611932 | 50049 | B237162B6A9729BF | -1.9524737358e-04
2025-12-08T12:22:41.612078 | 50041 | 34BF189EEA3DE9BE | -1.2036257377e-05
2025-12-08T12:22:41.612388 | 50048 | 0C95C81EF6EC39BF | -3.9559372707e-04
2025-12-08T12:22:41.612436 | 50040 | AC248D1FF880D13E | 4.1732278014e-06
2025-12-08T12:22:41.612506 | 50046 | 2EDA6C0B950C343F | 3.0592573914e-04
2025-12-08T12:22:41.612591 | 50042 | 233807ABAD86F7BE | -2.2436225380e-05
2025-12-08T12:22:41.612959 | 50038 | 3EB330519BDF033F | 3.7905623821e-05
2025-12-08T12:22:41.613153 | 50047 | C2B67FAEC38F1EBF | -1.1658317419e-04
2025-12-08T12:22:41.614087 | 50045 | 66A0344F4AA7373F | 3.6092342562e-04
2025-12-08T12:22:41.614111 | 50039 | E1C5AFE3ABEFF93E | 2.4734703611e-05
2025-12-08T12:22:41.711771 | 50038 | 9044490FBE2DC53E | 2.5246955551e-06
2025-12-08T12:22:41.711974 | 50042 | 27BFAC5DCFF804BF | -4.0000751787e-05
2025-12-08T12:22:41.714049 | 50044 | 0F9C27BEDE1CF33E | 1.8227361474e-05
2025-12-08T12:22:41.714211 | 50043 | BB94CFBD2CBAE3BE | -9.4066835405e-06
2025-12-08T12:22:41.714260 | 50049 | B83F38FC77D636BF | -3.4847668960e-04
2025-12-08T12:22:41.714345 | 50048 | 36406561EC6E22BF | -1.4063487533e-04
2025-12-08T12:22:41.714367 | 50047 | 85C3C4328E88203F | 1.2613998241e-04
2025-12-08T12:22:41.714456 | 50045 | 2A00474D9304403F | 4.8882667993e-04
2025-12-08T12:22:41.715850 | 50039 | 46ABE6AB8242E93E | 1.2044814295e-05
2025-12-08T12:22:41.715916 | 50046 | 0CF6E884378D263F | 1.7205527043e-04
2025-12-08T12:22:41.715997 | 50041 | B8C337B7C3E7E73E | 1.1398949687e-05
2025-12-08T12:22:41.716033 | 50040 | 7F90A3D2CE83FA3E | 2.5286554924e-05
2025-12-08T12:22:41.812161 | 50039 | 30F61A107F48D73E | 5.5511447969e-06
2025-12-08T12:22:41.812455 | 50047 | E8349DC1A59505BF | -4.1169281941e-05
2025-12-08T12:22:41.812891 | 50046 | 907B172D995A373F | 3.5635223057e-04
2025-12-08T12:22:41.812941 | 50040 | 0DA7CF8A0C87E23E | 8.8346171995e-06
2025-12-08T12:22:41.813292 | 50042 | EA0E67879CFEE9BE | -1.2395179721e-05
2025-12-08T12:22:41.813371 | 50043 | E40C1FE0CED904BF | -3.9769769514e-05
2025-12-08T12:22:41.813411 | 50038 | D34D3726036AF13E | 1.6607389979e-05
2025-12-08T12:22:41.813447 | 50048 | 4917C1AA9E032DBF | -2.2136031964e-04
2025-12-08T12:22:41.813526 | 50049 | 56DE59F1BB5E2FBF | -2.3933452819e-04
2025-12-08T12:22:41.813668 | 50041 | D0D08C06791CAEBE | -8.9738433671e-07
2025-12-08T12:22:41.813790 | 50044 | 17CF23EBC8DB253F | 1.6676738375e-04
2025-12-08T12:22:41.814287 | 50045 | 60DCD52B00C9ED3E | 1.4202670509e-05
2025-12-08T12:22:41.912530 | 50038 | 78322AA54BE6F83E | 2.3746101145e-05
2025-12-08T12:22:41.912697 | 50040 | 005638614E99C13E | 2.0979466713e-06
2025-12-08T12:22:41.913183 | 50039 | F606BECA0447F23E | 1.7430703039e-05
2025-12-08T12:22:41.913472 | 50046 | 549DB9A363E6023F | 3.6048808821e-05
2025-12-08T12:22:41.913520 | 50041 | 38C72ABD0574B93E | 1.5171296936e-06
2025-12-08T12:22:41.913580 | 50042 | F724141BDB4D08BF | -4.6356438711e-05
2025-12-08T12:22:41.913904 | 50049 | F006887D52153DBF | -4.4377578664e-04
2025-12-08T12:22:41.914003 | 50043 | E0D2AC519EFCA03E | 5.0624581447e-07
2025-12-08T12:22:41.914117 | 50044 | 261C2DC1928F283F | 1.8738428533e-04
2025-12-08T12:22:41.914202 | 50047 | FDB77142AE41033F | 3.6728983383e-05
2025-12-08T12:22:41.914336 | 50045 | A28A560393CB1C3F | 1.0984501644e-04
2025-12-08T12:22:41.914367 | 50048 | CDE574C4D74D3BBF | -4.1662709960e-04
2025-12-08T12:22:42.013906 | 50039 | 04A723647F8BFF3E | 3.0083572946e-05
2025-12-08T12:22:42.014006 | 50047 | C65FBBE6889A19BF | -9.7670179169e-05
2025-12-08T12:22:42.014149 | 50048 | A07D644229CC30BF | -2.5630957897e-04
2025-12-08T12:22:42.014240 | 50042 | 48A86C7D624FD5BE | -5.0807229488e-06
2025-12-08T12:22:42.014177 | 50038 | 62FC530D637DE93E | 1.2154480297e-05
2025-12-08T12:22:42.014483 | 50044 | 99A10B5024212E3F | 2.2986953993e-04
2025-12-08T12:22:42.014601 | 50045 | 006D178B9E4CC53E | 2.5390737270e-06
2025-12-08T12:22:42.014714 | 50043 | 287BB56A4B9CF5BE | -2.0609403390e-05
2025-12-08T12:22:42.014828 | 50041 | 4F1D83368B56EB3E | 1.3035803662e-05
2025-12-08T12:22:42.014980 | 50046 | 5ECA5ACB2D9E333F | 2.9934518839e-04
2025-12-08T12:22:42.015170 | 50049 | 99FF7275631A40BF | -4.9142700563e-04
2025-12-08T12:22:42.015414 | 50040 | 90585867C59FFC3E | 2.7298074619e-05
2025-12-08T12:22:42.114013 | 50038 | 8358F1E6949BED3E | 1.4118070992e-05
2025-12-08T12:22:42.114436 | 50039 | B0E6678814BEF43E | 1.9781590277e-05
2025-12-08T12:22:42.114654 | 50047 | 8419842F586E15BF | -8.1752903387e-05
2025-12-08T12:22:42.114883 | 50045 | 1EAF775A69B43E3F | 4.6851703743e-04
2025-12-08T12:22:42.114972 | 50042 | CE97FDC1B8DD0BBF | -5.3150368557e-05
2025-12-08T12:22:42.115053 | 50044 | 5EE3FFEEB61329BF | -1.9132240368e-04
2025-12-08T12:22:42.115170 | 50041 | 706D1111664FB83E | 1.4489979246e-06
2025-12-08T12:22:42.115226 | 50043 | 82A8ED4FD0F3EDBE | -1.4282416030e-05
2025-12-08T12:22:42.115293 | 50049 | CC65EDB5585F3FBF | -4.7870555675e-04
2025-12-08T12:22:42.115314 | 50048 | 60F576A8E80EE13E | 8.1340015318e-06
2025-12-08T12:22:42.115339 | 50040 | 0C3F9C1B5B64033F | 3.6987333671e-05
2025-12-08T12:22:42.115764 | 50046 | 7BE1F497E141343F | 3.0910260826e-04
2025-12-08T12:22:42.214221 | 50038 | EDFF36E75AD9F83E | 2.3697894404e-05
2025-12-08T12:22:42.214904 | 50040 | 006EE134E2D385BE | -1.6262881747e-07
2025-12-08T12:22:42.215096 | 50047 | 90103FD51E69163F | 8.5489756486e-05
2025-12-08T12:22:42.215171 | 50044 | 68B63C2C9A41193F | 9.6344981156e-05
2025-12-08T12:22:42.215350 | 50039 | 82264E34047BFD3E | 2.8114827063e-05
2025-12-08T12:22:42.215644 | 50049 | 34C1991BA61130BF | -2.4519257895e-04
2025-12-08T12:22:42.216193 | 50046 | 5343CD6556E5223F | 1.4416389140e-04
2025-12-08T12:22:42.216304 | 50043 | 50B9AF6BDEB601BF | -3.3787405719e-05
2025-12-08T12:22:42.216354 | 50041 | C0A1B770968B89BE | -1.9032705044e-07
2025-12-08T12:22:42.217171 | 50048 | BCCF657E90EC31BF | -2.7349975280e-04
2025-12-08T12:22:42.217309 | 50042 | 4318BC95D58402BF | -3.5321968168e-05
2025-12-08T12:22:42.217521 | 50045 | 10CF950FAF91E93E | 1.2192286237e-05
2025-12-08T12:22:42.317481 | 50038 | 8CA8DB374DFF023F | 3.6234420788e-05
2025-12-08T12:22:42.317573 | 50045 | C2A1C3FBDE35363F | 3.3890432293e-04
2025-12-08T12:22:42.317694 | 50041 | 8C0B1F2C3C25EC3E | 1.3420796112e-05
2025-12-08T12:22:42.317814 | 50040 | 3407EE1E4800EB3E | 1.2875128020e-05
2025-12-08T12:22:42.317849 | 50048 | B86F3244230933BF | -2.9046164509e-04
2025-12-08T12:22:42.318103 | 50039 | BBCB08D029410A3F | 5.0076569100e-05
2025-12-08T12:22:42.318231 | 50046 | 9966641569332F3F | 2.3804338225e-04
2025-12-08T12:22:42.318356 | 50042 | 3E11B945A7EFF7BE | -2.2827287792e-05
2025-12-08T12:22:42.318655 | 50047 | AA081E32B84625BF | -1.6232489093e-04
2025-12-08T12:22:42.318821 | 50043 | C0F260637A8FC6BE | -2.6894165570e-06
2025-12-08T12:22:42.318973 | 50049 | 396F815A2E3E32BF | -2.7836448363e-04
2025-12-08T12:22:42.319053 | 50044 | 4AE218CE568C19BF | -9.7458646928e-05
2025-12-08T12:22:42.417204 | 50040 | A87AA87FC98E043F | 3.9210819484e-05
2025-12-08T12:22:42.417726 | 50047 | 636B57CD5BDE2E3F | 2.3550863868e-04
2025-12-08T12:22:42.417305 | 50046 | 0CF1DADB6FE63E3F | 4.7149878433e-04
2025-12-08T12:22:42.417845 | 50045 | 0B1B71646B4F393F | 3.8620349773e-04
2025-12-08T12:22:42.418015 | 50042 | 5A9C9817458707BF | -4.4876857782e-05
2025-12-08T12:22:42.418133 | 50039 | ACE1B278E880F73E | 2.2414729341e-05
2025-12-08T12:22:42.418308 | 50038 | 708806B3F457D23E | 4.3734496988e-06
2025-12-08T12:22:42.418503 | 50043 | 0AE668BF9E3AE3BE | -9.1690944660e-06
2025-12-08T12:22:42.418770 | 50041 | 8C32A7CFA457DC3E | 6.7573448583e-06
2025-12-08T12:22:42.419048 | 50049 | BAC737F2567141BF | -5.3230996531e-04
2025-12-08T12:22:42.419212 | 50048 | 2294E41D4B8331BF | -2.6722511201e-04
2025-12-08T12:22:42.419270 | 50044 | 86001FE1DD16D43E | 4.7896678712e-06
2025-12-08T12:22:42.517559 | 50038 | 5823DD3EC445D6BE | -5.3101839351e-06
2025-12-08T12:22:42.517891 | 50039 | A4E5A2A2CB47073F | 4.4403936344e-05
2025-12-08T12:22:42.518371 | 50042 | 4796B68DB9F3F9BE | -2.4749803612e-05
2025-12-08T12:22:42.518417 | 50046 | 7C35F9CCC1B5333F | 3.0075055563e-04
2025-12-08T12:22:42.518503 | 50043 | 001F900EC3F2A2BE | -5.6470301246e-07
2025-12-08T12:22:42.518607 | 50049 | BCC64847724533BF | -2.9405632020e-04
2025-12-08T12:22:42.518770 | 50045 | 2D2F50D03D88323F | 2.8277882694e-04
2025-12-08T12:22:42.518904 | 50044 | E44B0D6A02282B3F | 2.0718602630e-04
2025-12-08T12:22:42.519143 | 50048 | 861C0D5CD0F12EBF | -2.3608845188e-04
2025-12-08T12:22:42.519412 | 50041 | 8C3FB7DAAAD4E4BE | -9.9328670648e-06
2025-12-08T12:22:42.519680 | 50047 | 545CAA753F1725BF | -1.6091012624e-04
2025-12-08T12:22:42.519792 | 50040 | 1441DA0F1E80FF3E | 3.0041178425e-05
2025-12-08T12:22:42.618495 | 50048 | 94E228F3EB9821BF | -1.3425712821e-04
2025-12-08T12:22:42.618604 | 50042 | 748F478EF774FCBE | -2.7138616945e-05
2025-12-08T12:22:42.618669 | 50039 | 1987B0885C82F13E | 1.6698097664e-05
2025-12-08T12:22:42.618640 | 50041 | 15CB924D10C7FDBE | -2.8398125185e-05
2025-12-08T12:22:42.618705 | 50040 | 28B9B276FC43013F | 3.2931463317e-05
2025-12-08T12:22:42.618932 | 50044 | 41CF00CB8AD226BF | -1.7412132502e-04
2025-12-08T12:22:42.618987 | 50045 | 8D42BECAAB6D313F | 2.6593631878e-04
2025-12-08T12:22:42.619198 | 50038 | 30C40277F4EBF53E | 2.0906161297e-05
2025-12-08T12:22:42.619263 | 50043 | 26344F6E48C501BF | -3.3894799152e-05
2025-12-08T12:22:42.619316 | 50047 | 500CA14ABC5B23BF | -1.4769242745e-04
2025-12-08T12:22:42.619495 | 50046 | F409327C8AF7043F | 3.9991296512e-05
2025-12-08T12:22:42.619844 | 50049 | 32C02AAE1E4126BF | -1.6978740230e-04
2025-12-08T12:22:42.718668 | 50038 | 5ACCB891AAFFD43E | 5.0064793658e-06
2025-12-08T12:22:42.719520 | 50040 | ACD798BC7BFCDBBE | -6.6724450761e-06
2025-12-08T12:22:42.719565 | 50046 | F4873631B9702F3F | 2.3987064979e-04
2025-12-08T12:22:42.719640 | 50044 | 240BF402A576003F | 3.1401549103e-05
2025-12-08T12:22:42.719764 | 50039 | DE9244092E39003F | 3.0943601049e-05
2025-12-08T12:22:42.719797 | 50045 | F9EDDF05ACA6313F | 2.6933383731e-04
2025-12-08T12:22:42.719847 | 50047 | A588D2B6E4F80ABF | -5.1445464899e-05
2025-12-08T12:22:42.719866 | 50042 | 26335925156DF0BE | -1.5665153418e-05
2025-12-08T12:22:42.719881 | 50041 | D3759D391BDEEBBE | -1.3288308583e-05
2025-12-08T12:22:42.719895 | 50049 | 789CC540D28739BF | -3.8956530695e-04
2025-12-08T12:22:42.720409 | 50043 | 5E89FDE4A491EEBE | -1.4576398058e-05
2025-12-08T12:22:42.720648 | 50048 | 1E8B119FD95710BF | -6.2344224504e-05
2025-12-08T12:22:42.825100 | 50043 | 405374ED24AFF1BE | -1.6864926548e-05
2025-12-08T12:22:42.825206 | 50042 | 4E2890F7F7B4E8BE | -1.1781172121e-05
2025-12-08T12:22:42.825926 | 50046 | 6A310D36F635333F | 2.9313336386e-04
2025-12-08T12:22:42.826254 | 50040 | 34BCFD4DAE0DF13E | 1.6263428619e-05
2025-12-08T12:22:42.826526 | 50041 | C78A120448B803BF | -3.7612626792e-05
2025-12-08T12:22:42.826560 | 50048 | 7DFBEA79E42036BF | -3.3765390428e-04
2025-12-08T12:22:42.826719 | 50047 | EAF6D56AA61426BF | -1.6846209966e-04
2025-12-08T12:22:42.826780 | 50049 | 7A929A158A812ABF | -2.0222483254e-04
2025-12-08T12:22:42.827836 | 50039 | 29A0214CDD11003F | 3.0650678597e-05
2025-12-08T12:22:42.827969 | 50038 | 3EF12C8B1F6AFE3E | 2.9005569284e-05
2025-12-08T12:22:42.827857 | 50044 | 176897218D2C213F | 1.3102743905e-04
2025-12-08T12:22:42.828003 | 50045 | D2D0C3354F02303F | 2.4427827681e-04
2025-12-08T12:22:42.922011 | 50043 | D0BDD9A7A6BDD43E | 4.9449978384e-06
2025-12-08T12:22:42.922357 | 50049 | 7AE81011460D40BF | -4.8986359810e-04
2025-12-08T12:22:42.922427 | 50041 | 80B676727EDEB7BE | -1.4227102357e-06
2025-12-08T12:22:42.922698 | 50042 | 6E4E9372E3C206BF | -4.3413702153e-05
2025-12-08T12:22:42.922848 | 50046 | 6F893F95B77A383F | 3.7352544791e-04
2025-12-08T12:22:42.923051 | 50045 | 00BFFBE813CD3E3F | 4.6998725973e-04
2025-12-08T12:22:42.923116 | 50040 | 194A3704F6CFF53E | 2.0801875747e-05
2025-12-08T12:22:42.923403 | 50038 | B0EECB1E6CE2C63E | 2.7280404907e-06
2025-12-08T12:22:42.923471 | 50048 | 242753C7C73C2ABF | -2.0017565445e-04
2025-12-08T12:22:42.923707 | 50047 | E24032F64BAA263F | 1.7292191760e-04
2025-12-08T12:22:42.923882 | 50039 | 0A66766F5766063F | 4.2724173848e-05
2025-12-08T12:22:42.924077 | 50044 | 5B0B35D471520EBF | -5.7834719451e-05
2025-12-08T12:22:43.023362 | 50039 | 56CA5A236474053F | 4.0921503041e-05
2025-12-08T12:22:43.023549 | 50047 | 3FA152DA16F61DBF | -1.1429323657e-04
2025-12-08T12:22:43.023682 | 50044 | 6EF5D4F2D2BA0A3F | 5.0983011855e-05
2025-12-08T12:22:43.023825 | 50048 | 8FEEA6F1F36430BF | -2.5015788711e-04
2025-12-08T12:22:43.023863 | 50043 | B80F11FAF832C5BE | -2.5271310311e-06
2025-12-08T12:22:43.025266 | 50040 | D4C8FA7F550BFE3E | 2.8652451873e-05
2025-12-08T12:22:43.025336 | 50042 | C81E40387830DCBE | -6.7208610552e-06
2025-12-08T12:22:43.025419 | 50041 | 22F7DF272C0D03BF | -3.6337766673e-05
2025-12-08T12:22:43.025477 | 50049 | DA0023C46D653EBF | -4.6380929792e-04
2025-12-08T12:22:43.025807 | 50038 | AD383AA9C2FDEB3E | 1.3347268840e-05
2025-12-08T12:22:43.026054 | 50046 | 7C5917AFD70F083F | 4.5894403126e-05
2025-12-08T12:22:43.026252 | 50045 | 94B6B8B80206223F | 1.3750823233e-04
2025-12-08T12:22:43.122377 | 50039 | EE4C0A30F362F83E | 2.3256800889e-05
2025-12-08T12:22:43.122946 | 50042 | 1D6746F6FB6101BF | -3.3154966135e-05
2025-12-08T12:22:43.123023 | 50049 | 55F8CAA5A94531BF | -2.6355163372e-04
2025-12-08T12:22:43.123370 | 50041 | 8A05A010CBE2D6BE | -5.4564263881e-06
2025-12-08T12:22:43.123801 | 50040 | 57D4C261EAAF003F | 3.1828251140e-05
2025-12-08T12:22:43.123951 | 50047 | 898953DC12E41F3F | 1.2165417782e-04
2025-12-08T12:22:43.124004 | 50043 | AA6760978633F6BE | -2.1172783328e-05
2025-12-08T12:22:43.124152 | 50044 | 4F7C95B44D4215BF | -8.1096642267e-05
2025-12-08T12:22:43.124208 | 50048 | 74A0AC1481113FBF | -4.7406579385e-04
2025-12-08T12:22:43.124309 | 50038 | 5C06CFF27107043F | 3.8202443057e-05
2025-12-08T12:22:43.124560 | 50046 | 9EA2E695C2F23B3F | 4.2645693420e-04
2025-12-08T12:22:43.124840 | 50045 | EB01053D1E7B393F | 3.8880813829e-04
2025-12-08T12:22:43.222998 | 50039 | 9FAC6687D2A1023F | 3.5537946064e-05
2025-12-08T12:22:43.223277 | 50041 | 682C48E5D284B6BE | -1.3422276385e-06
2025-12-08T12:22:43.223377 | 50038 | 7837CEB6E4EBFA3E | 2.5674303675e-05
2025-12-08T12:22:43.223802 | 50043 | CD5F5D0DB6E305BF | -4.1750901501e-05
2025-12-08T12:22:43.223968 | 50048 | 0F40DDEF33C932BF | -2.8665082924e-04
2025-12-08T12:22:43.224071 | 50040 | 98DA8DECDEFFF83E | 2.3841376592e-05
2025-12-08T12:22:43.225848 | 50045 | 0244BA740B23393F | 3.8355855643e-04
2025-12-08T12:22:43.228822 | 50046 | 77BDA5AF45FD343F | 3.2027198144e-04
2025-12-08T12:22:43.228914 | 50044 | 989DAC2FDE1920BF | -1.2284123644e-04
2025-12-08T12:22:43.228943 | 50047 | F8E5EA4724D929BF | -1.9720619090e-04
2025-12-08T12:22:43.229055 | 50042 | 640F1B89C6B0F9BE | -2.4500398075e-05
2025-12-08T12:22:43.231682 | 50049 | BF7CD5921AD036BF | -3.4809731263e-04
2025-12-08T12:22:43.323895 | 50038 | 0AB09CB0E798013F | 3.3564158072e-05
2025-12-08T12:22:43.324029 | 50040 | FA285AE532F9DE3E | 7.3846418524e-06
2025-12-08T12:22:43.323955 | 50039 | 8C87AD228755093F | 4.8320948131e-05
2025-12-08T12:22:43.324135 | 50045 | AE01A81E58FC2A3F | 2.0588470154e-04
2025-12-08T12:22:43.324486 | 50043 | A65CE92ABFA5D8BE | -5.8764095870e-06
2025-12-08T12:22:43.324715 | 50048 | B53E4764420C25BF | -1.6058264204e-04
2025-12-08T12:22:43.324768 | 50041 | 66880D38717F03BF | -3.7189142865e-05
2025-12-08T12:22:43.324930 | 50049 | 4192BACED04B38BF | -3.7072990265e-04
2025-12-08T12:22:43.325626 | 50042 | 1197AB9638F3FFBE | -3.0469972823e-05
2025-12-08T12:22:43.325854 | 50044 | 6ECFB7843E8D21BF | -1.3390911259e-04
2025-12-08T12:22:43.325969 | 50047 | E013DBCB2C08EDBE | -1.3843504685e-05
2025-12-08T12:22:43.325997 | 50046 | FC65C527D3631A3F | 1.0066963472e-04
2025-12-08T12:22:43.424246 | 50038 | 4CA075C51A13FB3E | 2.5820376633e-05
2025-12-08T12:22:43.424588 | 50041 | 0040811A6EEE09BE | -7.5470212459e-10
2025-12-08T12:22:43.425375 | 50039 | 4DF72A9F9662003F | 3.1252118693e-05
2025-12-08T12:22:43.425564 | 50042 | 6E913988198706BF | -4.2968241385e-05
2025-12-08T12:22:43.425622 | 50044 | 827E2ECC20FE2CBF | -2.2119665490e-04
2025-12-08T12:22:43.425593 | 50043 | 2B4CBFE79750FFBE | -2.9864137545e-05
2025-12-08T12:22:43.426103 | 50040 | F15C81C23D70F13E | 1.6630594616e-05
2025-12-08T12:22:43.427830 | 50047 | 033725F953FB2ABF | -2.0585441650e-04
2025-12-08T12:22:43.427896 | 50048 | F4C5E640D2590DBF | -5.5982331208e-05
2025-12-08T12:22:43.428105 | 50045 | DEAD9F6D626A2D3F | 2.2442294613e-04
2025-12-08T12:22:43.428224 | 50046 | 6E3DF5718E3E323F | 2.7838685670e-04
2025-12-08T12:22:43.429739 | 50049 | E9F7CD8F48BC22BF | -1.4294038547e-04
2025-12-08T12:22:43.525718 | 50038 | DCC2F7244052CE3E | 3.6145795901e-06
2025-12-08T12:22:43.525997 | 50039 | 279F39084283073F | 4.4846966401e-05
2025-12-08T12:22:43.526216 | 50047 | 1F3314915032213F | 1.3119920235e-04
2025-12-08T12:22:43.526429 | 50041 | 218A942D11BEE43E | 9.8907707292e-06
2025-12-08T12:22:43.526603 | 50043 | A07EEB1398BBA43E | 6.1788526992e-07
2025-12-08T12:22:43.526769 | 50042 | 682420C1E878F0BE | -1.5709210921e-05
2025-12-08T12:22:43.526916 | 50040 | DAF8612F1BEEEE3E | 1.4748622089e-05
2025-12-08T12:22:43.527146 | 50046 | 20A1DAABCE9D2D3F | 2.2595546573e-04
2025-12-08T12:22:43.527204 | 50045 | 0BFFC5E52E03303F | 2.4433035812e-04
2025-12-08T12:22:43.527254 | 50049 | 494306A6A1193EBF | -4.5929142473e-04
2025-12-08T12:22:43.527394 | 50048 | AD9220510E773FBF | -4.8011874708e-04
2025-12-08T12:22:43.527661 | 50044 | 8B0C71C86F4E153F | 8.1277439777e-05
2025-12-08T12:22:43.625696 | 50039 | 52020F999A17E43E | 9.5807088502e-06
2025-12-08T12:22:43.625864 | 50040 | 13C7CC7FABE7FE3E | 2.9473267193e-05
2025-12-08T12:22:43.628880 | 50045 | C6BA68887E082A3F | 1.9861740675e-04
2025-12-08T12:22:43.629093 | 50041 | 62AFB2F8259CD13E | 4.1985403058e-06
2025-12-08T12:22:43.629173 | 50047 | 5AEE026EC3F2243F | 1.5982280366e-04
2025-12-08T12:22:43.629148 | 50046 | C2C6D960E67D193F | 9.7243486573e-05
2025-12-08T12:22:43.629322 | 50038 | 30C152ABC9B7013F | 3.3794252354e-05
2025-12-08T12:22:43.629477 | 50048 | 7E0481E4D93A3EBF | -4.6127147334e-04
2025-12-08T12:22:43.629668 | 50042 | 692CD0890F3E07BF | -4.4331406777e-05
2025-12-08T12:22:43.630096 | 50044 | A0B443D96ED72E3F | 2.3530223974e-04
2025-12-08T12:22:43.630254 | 50043 | 54B5EDD1C689C6BE | -2.6867616180e-06
2025-12-08T12:22:43.632350 | 50049 | 7403DEB87ADC0CBF | -5.5048461134e-05
2025-12-08T12:22:43.727102 | 50038 | 984192A92959023F | 3.4996589599e-05
2025-12-08T12:22:43.727239 | 50042 | 0E4463A765970BBF | -5.2626409273e-05
2025-12-08T12:22:43.727364 | 50048 | F9BA9E56A8212ABF | -1.9936733162e-04
2025-12-08T12:22:43.727499 | 50046 | 352F8ACA23E7353F | 3.3421157654e-04
2025-12-08T12:22:43.727563 | 50047 | 9F329EC34DFE25BF | -1.6779612798e-04
2025-12-08T12:22:43.727666 | 50043 | 28DADB515B54F7BE | -2.2248762540e-05
2025-12-08T12:22:43.727772 | 50049 | F96966FE78143FBF | -4.7424272489e-04
2025-12-08T12:22:43.727996 | 50044 | 5DE35E64E55D18BF | -9.2951894742e-05
2025-12-08T12:22:43.728026 | 50041 | B89DD48FC391D73E | 5.6193805425e-06
2025-12-08T12:22:43.728285 | 50039 | 07B35E54A0810B3F | 5.2464204188e-05
2025-12-08T12:22:43.728380 | 50040 | 4880A4E08A4DD33E | 4.6021700746e-06
2025-12-08T12:22:43.728470 | 50045 | 6D9F77097E25203F | 1.2318767106e-04
2025-12-08T12:22:43.827136 | 50038 | C468A098A08F043F | 3.9217079646e-05
2025-12-08T12:22:43.827935 | 50042 | 02526E6AA0F306BF | -4.3776829720e-05
2025-12-08T12:22:43.833130 | 50044 | E2237F0E99B8203F | 1.2757175796e-04
2025-12-08T12:22:43.833190 | 50040 | EC47FDCE8579CCBE | -3.3944485195e-06
2025-12-08T12:22:43.833227 | 50041 | 8C98B55712AC04BF | -3.9429006359e-05
2025-12-08T12:22:43.833401 | 50047 | 330AE6F92E4616BF | -8.4969155500e-05
2025-12-08T12:22:43.834296 | 50043 | 3466945A1BFFD1BE | -4.2907026139e-06
2025-12-08T12:22:43.834337 | 50045 | 44BE96133CB4363F | 3.4643618309e-04
2025-12-08T12:22:43.834525 | 50039 | DA25F0A93F4EFB3E | 2.6040705617e-05
2025-12-08T12:22:43.834917 | 50048 | A067D718A38A26BF | -1.7197838717e-04
2025-12-08T12:22:43.835126 | 50049 | 12FCF29E1AA131BF | -2.6900196003e-04
2025-12-08T12:22:43.837852 | 50046 | D0A3CB34A89B3E3F | 4.6704155538e-04
2025-12-08T12:22:43.929081 | 50045 | 320C0F5E68033D3F | 4.4270799668e-04
2025-12-08T12:22:43.929166 | 50041 | 6059ED23B04CD8BE | -5.7934672089e-06
2025-12-08T12:22:43.929238 | 50046 | 005B6B44295BF43E | 1.9413088263e-05
2025-12-08T12:22:43.930831 | 50048 | 4AE4AAE47F7024BF | -1.5594063946e-04
2025-12-08T12:22:43.930857 | 50049 | BAA598AF9B873CBF | -4.3532896925e-04
2025-12-08T12:22:43.931104 | 50038 | 0B4FEF26D6AA043F | 3.9419804004e-05
2025-12-08T12:22:43.931249 | 50040 | B642E86EB503F73E | 2.1948325349e-05
2025-12-08T12:22:43.931299 | 50039 | 9A987B1427E50B3F | 5.3205733421e-05
2025-12-08T12:22:43.931339 | 50042 | 8169ACED854FF3BE | -1.8416058860e-05
2025-12-08T12:22:43.931423 | 50043 | 7AAB970527CC04BF | -3.9668026783e-05
2025-12-08T12:22:43.931452 | 50047 | ED0F4D8DFFD224BF | -1.5887612849e-04
2025-12-08T12:22:43.931557 | 50044 | 3AC66171776816BF | -8.5480013100e-05
2025-12-08T12:22:44.031269 | 50038 | B01FEE491DC9033F | 3.7738043139e-05
2025-12-08T12:22:44.031361 | 50042 | 57E4310ED276F1BE | -1.6655104343e-05
2025-12-08T12:22:44.031432 | 50044 | B0A58E8E97AF1A3F | 1.0179865389e-04
2025-12-08T12:22:44.031630 | 50048 | 6B474DFD128227BF | -1.7935258679e-04
2025-12-08T12:22:44.031810 | 50039 | 19EA61CECCA7063F | 4.3211877526e-05
2025-12-08T12:22:44.031873 | 50046 | B05C8D4DF4E5F73E | 2.2791155831e-05
2025-12-08T12:22:44.031938 | 50041 | A7BA98A90BC2F9BE | -2.4564733940e-05
2025-12-08T12:22:44.031908 | 50040 | 043D874FFDE7F23E | 1.8030365909e-05
2025-12-08T12:22:44.032053 | 50043 | A06692694821AEBE | -8.9794430659e-07
2025-12-08T12:22:44.032169 | 50049 | 6564AC343EC525BF | -1.6609558437e-04
2025-12-08T12:22:44.032195 | 50045 | CB50EE6FF9502D3F | 2.2366566551e-04
2025-12-08T12:22:44.032232 | 50047 | 88D0B622C9A411BF | -6.7305351584e-05
2025-12-08T12:22:44.129703 | 50038 | E48E84957A5FFB3E | 2.6104892954e-05
2025-12-08T12:22:44.129891 | 50043 | 408F100D7A9DA7BE | -7.0378612283e-07
2025-12-08T12:22:44.129967 | 50039 | A4485FC605D5083F | 4.7363508926e-05
2025-12-08T12:22:44.130072 | 50044 | FFA6D4AC95202BBF | -2.0696475114e-04
2025-12-08T12:22:44.130144 | 50041 | E84E78EE0858F3BE | -1.8447767529e-05
2025-12-08T12:22:44.130202 | 50040 | 26230D9EAF44F63E | 2.1236710271e-05
2025-12-08T12:22:44.130396 | 50048 | AA938A84AE322EBF | -2.3039226860e-04
2025-12-08T12:22:44.130604 | 50045 | 59E2B31E1F1F213F | 1.3062720186e-04
2025-12-08T12:22:44.130644 | 50049 | A5103557B5AC36BF | -3.4598757994e-04
2025-12-08T12:22:44.131054 | 50047 | 00AFD99EB04616BF | -8.4976701794e-05
2025-12-08T12:22:44.131092 | 50042 | 4092642E546D0CBF | -5.4220325000e-05
2025-12-08T12:22:44.131236 | 50046 | FECBA7FD5B522B3F | 2.0844815192e-04
2025-12-08T12:22:44.231042 | 50042 | 1B303812132D07BF | -4.4204849726e-05
2025-12-08T12:22:44.231729 | 50047 | BFED9526AFB3283F | 1.8846047469e-04
2025-12-08T12:22:44.231788 | 50039 | 4CA2D219CE6F053F | 4.0887334060e-05
2025-12-08T12:22:44.231843 | 50038 | FB0825E07801E23E | 8.5858109783e-06
2025-12-08T12:22:44.232291 | 50048 | C46A6077FB4D12BF | -6.9826577459e-05
2025-12-08T12:22:44.232503 | 50044 | B6326BFD20A92D3F | 2.2629287442e-04
2025-12-08T12:22:44.232590 | 50043 | 1CFE4E7A1CA1F4BE | -1.9673672472e-05
2025-12-08T12:22:44.233786 | 50046 | 030B290F2688333F | 2.9803208523e-04
2025-12-08T12:22:44.233851 | 50040 | DF3DB665D515E23E | 8.6237370656e-06
2025-12-08T12:22:44.233890 | 50045 | EA73C260C8783E3F | 4.6496288338e-04
2025-12-08T12:22:44.234217 | 50049 | 09AB827396B629BF | -1.9617640078e-04
2025-12-08T12:22:44.234345 | 50041 | 2B970FAD7228EEBE | -1.4380454930e-05
2025-12-08T12:22:44.331366 | 50042 | 342F03BA4D1108BF | -4.5905289200e-05
2025-12-08T12:22:44.331515 | 50048 | 67A91360506E2FBF | -2.3979884285e-04
2025-12-08T12:22:44.332162 | 50049 | A09ADA00FEB838BF | -3.7723733190e-04
2025-12-08T12:22:44.332296 | 50039 | 4B5F5C38B12BEF3E | 1.4863335092e-05
2025-12-08T12:22:44.332356 | 50043 | 4CFEC1A79ADFD4BE | -4.9766191489e-06
2025-12-08T12:22:44.332530 | 50040 | 788279032C1BD3BE | -4.5552588329e-06
2025-12-08T12:22:44.332934 | 50046 | 3061811C3F170D3F | 5.5486310487e-05
2025-12-08T12:22:44.332999 | 50041 | 623FB44A836400BF | -3.1266457279e-05
2025-12-08T12:22:44.333034 | 50045 | 1417C94D521D0F3F | 5.9346269812e-05
2025-12-08T12:22:44.333143 | 50047 | 281D698AD1A4293F | 1.9564683790e-04
2025-12-08T12:22:44.333204 | 50038 | 9ACB4C51C16F063F | 4.2794310650e-05
2025-12-08T12:22:44.333278 | 50044 | 70A708F62BBBF1BE | -1.6909732382e-05
2025-12-08T12:22:44.432603 | 50042 | C413EE90EDDED9BE | -6.1680823497e-06
2025-12-08T12:22:44.432680 | 50040 | 4272ED7C7211D7BE | -5.4998763080e-06
2025-12-08T12:22:44.434860 | 50043 | 9E251B5E5311FFBE | -2.9628446902e-05
2025-12-08T12:22:44.434994 | 50039 | 983DCF8B2DDBD63E | 5.4493340799e-06
2025-12-08T12:22:44.435190 | 50041 | DCFDEC0D76EAE6BE | -1.0927135404e-05
2025-12-08T12:22:44.435708 | 50045 | 3EFA2A4146FA2B3F | 2.1345241165e-04
2025-12-08T12:22:44.436220 | 50048 | 2C6E6CF3E0903EBF | -4.6639911618e-04
2025-12-08T12:22:44.436270 | 50049 | 88B5BF7DE7CD35BF | -3.3270742074e-04
2025-12-08T12:22:44.440342 | 50038 | 90BCF356254B033F | 3.6799504295e-05
2025-12-08T12:22:44.441623 | 50044 | 80D2CECD25661C3F | 1.0833364236e-04
2025-12-08T12:22:44.442066 | 50046 | AAE7C1469982333F | 2.9770128345e-04
2025-12-08T12:22:44.442295 | 50047 | 2660811208352A3F | 1.9994472064e-04
2025-12-08T12:22:44.533357 | 50038 | 001A88F8B449AD3E | 8.7284796374e-07
2025-12-08T12:22:44.533503 | 50043 | EA5BA4DF69FBFEBE | -2.9546818021e-05
2025-12-08T12:22:44.533857 | 50040 | 6C4B3D6A83CC003F | 3.2041321247e-05
2025-12-08T12:22:44.533950 | 50041 | 14B66E7EED74EEBE | -1.4522909579e-05
2025-12-08T12:22:44.534306 | 50046 | E8E57BA8F0FE0B3F | 5.3397864631e-05
2025-12-08T12:22:44.534358 | 50042 | C59CCD76788F01BF | -3.3493865749e-05
2025-12-08T12:22:44.534411 | 50044 | AECACCC2858F313F | 2.6795402191e-04
2025-12-08T12:22:44.534479 | 50045 | 9BAB1D1F030E293F | 1.9115245919e-04
2025-12-08T12:22:44.534553 | 50049 | EA1C05AC754831BF | -2.6371834612e-04
2025-12-08T12:22:44.534917 | 50047 | 964957CCF051173F | 8.8959047466e-05
2025-12-08T12:22:44.534946 | 50048 | E2D32E1C27863FBF | -4.8101858936e-04
2025-12-08T12:22:44.535336 | 50039 | AC1C2A6CC93C0C3F | 5.3858658721e-05
2025-12-08T12:22:44.632947 | 50038 | 09BFC8062B92E93E | 1.2193188206e-05
2025-12-08T12:22:44.633170 | 50039 | B44A25161079DC3E | 6.7884687687e-06
2025-12-08T12:22:44.633694 | 50049 | 5834D0C62BCA0CBF | -5.4912053066e-05
2025-12-08T12:22:44.633793 | 50044 | 143DFE0752552A3F | 2.0090700491e-04
2025-12-08T12:22:44.633908 | 50041 | A0727A0FCB4BDB3E | 6.5078895585e-06
2025-12-08T12:22:44.633973 | 50043 | 8AD0D11E545602BF | -3.4975473548e-05
2025-12-08T12:22:44.634036 | 50045 | 5E82D98C5D452A3F | 2.0043150873e-04
2025-12-08T12:22:44.634830 | 50046 | 8BAC2099727A2F3F | 2.4016045478e-04
2025-12-08T12:22:44.634885 | 50047 | 2041DDE5A3C713BF | -7.5454119238e-05
2025-12-08T12:22:44.634995 | 50048 | 53BD7988481931BF | -2.6090641811e-04
2025-12-08T12:22:44.635064 | 50042 | C0CA60B7359F0ABF | -5.0777270119e-05
2025-12-08T12:22:44.635189 | 50040 | D9F8D039B6AFF03E | 1.5913366600e-05
2025-12-08T12:22:44.733569 | 50040 | 44D2E0446B9BEA3E | 1.2687256597e-05
2025-12-08T12:22:44.733958 | 50039 | 006FF992A508033F | 3.6304047509e-05
2025-12-08T12:22:44.734149 | 50047 | C478F5F0F7D6273F | 1.8188263537e-04
2025-12-08T12:22:44.734186 | 50042 | E90C22B468E6FBBE | -2.6607546950e-05
2025-12-08T12:22:44.734321 | 50044 | 7618955BD5AE223F | 1.4253954377e-04
2025-12-08T12:22:44.734235 | 50038 | 304715E2BD3FCC3E | 3.3675421639e-06
2025-12-08T12:22:44.734538 | 50043 | 0BD4D13A441401BF | -3.2575924117e-05
2025-12-08T12:22:44.734800 | 50049 | 0CAFD0E8B33F29BF | -1.9263335381e-04
2025-12-08T12:22:44.735085 | 50046 | 8CAB573D2614163F | 8.4223588906e-05
2025-12-08T12:22:44.735148 | 50045 | 6266FCC4C7A53E3F | 4.6764495072e-04
2025-12-08T12:22:44.735402 | 50041 | 68D375612A2ED73E | 5.5266223379e-06
2025-12-08T12:22:44.735779 | 50048 | 4C64314AB3751FBF | -1.2000948713e-04
2025-12-08T12:22:44.833811 | 50042 | E43455B2B55EE9BE | -1.2097339616e-05
2025-12-08T12:22:44.834217 | 50047 | 5A03D2C60A4B113F | 6.5968067888e-05
2025-12-08T12:22:44.834499 | 50039 | 23204531339FFF3E | 3.0156969914e-05
2025-12-08T12:22:44.834536 | 50044 | B93153CC54A60DBF | -5.6552374681e-05
2025-12-08T12:22:44.834626 | 50038 | E07416DBF110F63E | 2.1043959071e-05
2025-12-08T12:22:44.834962 | 50040 | CC55D857FC73C9BE | -3.0342422963e-06
2025-12-08T12:22:44.835027 | 50046 | C877285F1BF3F03E | 1.6164432916e-05
2025-12-08T12:22:44.835079 | 50041 | EA7710FBCEB9DFBE | -7.5640236199e-06
2025-12-08T12:22:44.835575 | 50048 | B9741E78E63B2CBF | -2.1540821404e-04
2025-12-08T12:22:44.835670 | 50049 | 52AB9E28F4E937BF | -3.6489687829e-04
2025-12-08T12:22:44.835877 | 50043 | 3F55D5DBE4A403BF | -3.7468179907e-05
2025-12-08T12:22:44.836194 | 50045 | 7D3FE6385460263F | 1.7071750740e-04
2025-12-08T12:22:44.935561 | 50040 | 752018ECDCD2E73E | 1.1360017541e-05
2025-12-08T12:22:44.935856 | 50043 | 2D7807E0FAF2F4BE | -1.9978657294e-05
2025-12-08T12:22:44.935931 | 50038 | 42BD5D863588F13E | 1.6719881749e-05
2025-12-08T12:22:44.936033 | 50045 | B9C0C4574EB4303F | 2.5488770167e-04
2025-12-08T12:22:44.936145 | 50044 | 8C99375FBB042ABF | -1.9850528007e-04
2025-12-08T12:22:44.936822 | 50039 | A4BFC7B40023F93E | 2.3972253347e-05
2025-12-08T12:22:44.936862 | 50049 | 487BE4CB87833DBF | -4.5034470885e-04
2025-12-08T12:22:44.937075 | 50047 | 24DA5EEFDE21E43E | 9.5998325199e-06
2025-12-08T12:22:44.937293 | 50048 | 0220B02441D625BF | -1.6660256583e-04
2025-12-08T12:22:44.937798 | 50042 | D4C40FD35EDEF7BE | -2.2762903601e-05
2025-12-08T12:22:44.938078 | 50046 | 20BAC0D3CF3B0C3F | 5.3851394540e-05
2025-12-08T12:22:44.938324 | 50041 | 545902D95489CCBE | -3.4018100408e-06
2025-12-08T12:22:45.035738 | 50039 | A2E2A7B82CF9EC3E | 1.3815564462e-05
2025-12-08T12:22:45.036841 | 50048 | 42B13FCF96DB21BF | -1.3624397218e-04
2025-12-08T12:22:45.036974 | 50041 | 7A0E398AC56F06BF | -4.2794433537e-05
2025-12-08T12:22:45.037176 | 50044 | FE92C701012C0EBF | -5.7548313837e-05
2025-12-08T12:22:45.041915 | 50047 | 2D3AA0594BE11EBF | -1.1779806519e-04
2025-12-08T12:22:45.042000 | 50046 | C359D8E5BCD73C3F | 4.4010507358e-04
2025-12-08T12:22:45.042456 | 50040 | C80BBD518216003F | 3.0685283689e-05
2025-12-08T12:22:45.042635 | 50043 | 846DFB3687A0ECBE | -1.3650447471e-05
2025-12-08T12:22:45.042670 | 50042 | CA94B5F72F8A0CBF | -5.4435337882e-05
2025-12-08T12:22:45.042697 | 50038 | D46E88E84475053F | 4.0928044715e-05
2025-12-08T12:22:45.042861 | 50049 | 901AB32BCC1526BF | -1.6849629706e-04
2025-12-08T12:22:45.042911 | 50045 | 54FDCD68D916403F | 4.9100509351e-04
2025-12-08T12:22:45.136246 | 50044 | F7305E18DD17323F | 2.7608058769e-04
2025-12-08T12:22:45.136625 | 50043 | 744F8DBC736FFCBE | -2.7118072271e-05
2025-12-08T12:22:45.136793 | 50048 | 91190716C48526BF | -1.7183321599e-04
2025-12-08T12:22:45.136866 | 50045 | 8C350194BAD9353F | 3.3341221934e-04
2025-12-08T12:22:45.136936 | 50047 | C647BBA481F929BF | -1.9817073404e-04
2025-12-08T12:22:45.137346 | 50049 | 503332A915C522BF | -1.4320268074e-04
2025-12-08T12:22:45.137423 | 50046 | D57713B517DD383F | 3.7938908379e-04
2025-12-08T12:22:45.137566 | 50041 | 43E55F17869AF0BE | -1.5834435054e-05
2025-12-08T12:22:45.137634 | 50038 | F2B2AD67682EE33E | 9.1463473290e-06
2025-12-08T12:22:45.137670 | 50042 | 72B2DFFCC0C1FBBE | -2.6470995913e-05
2025-12-08T12:22:45.138305 | 50040 | 980B126E47A0B4BE | -1.2294107637e-06
2025-12-08T12:22:45.138370 | 50039 | FA4C320D3909003F | 3.0586293769e-05
2025-12-08T12:22:45.236393 | 50038 | 9CED049E431AE33E | 9.1088267601e-06
2025-12-08T12:22:45.236728 | 50040 | D98851E086FBEFBE | -1.5250457191e-05
2025-12-08T12:22:45.237489 | 50044 | 809D5B9F3746103F | 6.2081475189e-05
2025-12-08T12:22:45.237562 | 50043 | 0E2C47C467C6D6BE | -5.4299881111e-06
2025-12-08T12:22:45.237600 | 50041 | 1C5C4734A90DD0BE | -3.8274200204e-06
2025-12-08T12:22:45.237638 | 50039 | A0C6543960CD083F | 4.7306536695e-05
2025-12-08T12:22:45.237781 | 50047 | D0100B8C711B023F | 3.4536745721e-05
2025-12-08T12:22:45.237817 | 50042 | E37BF71D613409BF | -4.8073972490e-05
2025-12-08T12:22:45.238093 | 50046 | CCC6B26C2E77313F | 2.6650317586e-04
2025-12-08T12:22:45.239114 | 50045 | BE134D1A389D2D3F | 2.2593793724e-04
2025-12-08T12:22:45.239249 | 50048 | 0F23334CC46C20BF | -1.2531181537e-04
2025-12-08T12:22:45.240835 | 50049 | DB627C61489430BF | -2.5297896490e-04
2025-12-08T12:22:45.337302 | 50041 | EBB27033B9A3FEBE | -2.9220146839e-05
2025-12-08T12:22:45.337568 | 50042 | 6844DD2D13FED5BE | -5.2434158685e-06
2025-12-08T12:22:45.337708 | 50044 | 777AA9CA0D4C1ABF | -1.0031541994e-04
2025-12-08T12:22:45.337779 | 50045 | 169F9B5D4501263F | 1.6788455724e-04
2025-12-08T12:22:45.337801 | 50048 | D5EA69363F6E30BF | -2.5071185374e-04
2025-12-08T12:22:45.338048 | 50046 | 5A0AFA69C2B43E3F | 4.6853777346e-04
2025-12-08T12:22:45.339200 | 50047 | 1740809D17CF033F | 3.7782581501e-05
2025-12-08T12:22:45.339329 | 50039 | 3BF81FBAC4E6083F | 4.7495726236e-05
2025-12-08T12:22:45.339399 | 50049 | 3CB360631A813CBF | -4.3494123691e-04
2025-12-08T12:22:45.339547 | 50040 | 4CCAE5B3A866FE3E | 2.8992664050e-05
2025-12-08T12:22:45.339578 | 50043 | C0AF0BB91343D2BE | -4.3540047876e-06
2025-12-08T12:22:45.340020 | 50038 | 504C2716D94A023F | 3.4889936405e-05
2025-12-08T12:22:45.437693 | 50038 | 92DB42CB5F9CFE3E | 2.9192768765e-05
2025-12-08T12:22:45.437811 | 50039 | 9B8C79DBDC91013F | 3.3511688738e-05
2025-12-08T12:22:45.437861 | 50040 | 42553398FA9FECBE | -1.3649424324e-05
2025-12-08T12:22:45.438346 | 50042 | FC9584A68AB0E9BE | -1.2249763316e-05
2025-12-08T12:22:45.438574 | 50043 | FCE12C91EA2CDA3E | 6.2407146000e-06
2025-12-08T12:22:45.438830 | 50047 | 44CFE07FBF76233F | 1.4849746361e-04
2025-12-08T12:22:45.438881 | 50049 | AECDAF43CBE425BF | -1.6703587775e-04
2025-12-08T12:22:45.438945 | 50046 | 6AB1EDDD3963303F | 2.5005495802e-04
2025-12-08T12:22:45.439055 | 50041 | E20188C9EBF0D1BE | -4.2774910516e-06
2025-12-08T12:22:45.439131 | 50045 | 8BBE4CB97D503A3F | 4.0152615957e-04
2025-12-08T12:22:45.439839 | 50044 | 38BA1045629C213F | 1.3436030943e-04
2025-12-08T12:22:45.440473 | 50048 | 00E091786B5AFDBE | -2.7993395211e-05
2025-12-08T12:22:45.538351 | 50038 | D8188EAA2E51EC3E | 1.3502654228e-05
2025-12-08T12:22:45.538413 | 50040 | E382B94104DAE43E | 9.9428307784e-06
2025-12-08T12:22:45.538453 | 50044 | 917BB2A172E5313F | 2.7307556747e-04
2025-12-08T12:22:45.538488 | 50045 | 10C40C3CB450203F | 1.2447548036e-04
2025-12-08T12:22:45.538658 | 50039 | 7A27BA267624F13E | 1.6348293157e-05
2025-12-08T12:22:45.538796 | 50049 | 9A5F02B72FC63CBF | -4.3905892290e-04
2025-12-08T12:22:45.538842 | 50047 | 9A7589FC154A17BF | -8.8842002819e-05
2025-12-08T12:22:45.538863 | 50043 | E09BE37C8977DB3E | 6.5486292000e-06
2025-12-08T12:22:45.539364 | 50041 | 11AF2CDA3DE9E3BE | -9.4943523599e-06
2025-12-08T12:22:45.539641 | 50042 | 60FABDA737CE08BF | -4.7312806571e-05
2025-12-08T12:22:45.539686 | 50046 | B27808582CEB3C3F | 4.4126350989e-04
2025-12-08T12:22:45.539802 | 50048 | 61EC7051DE4838BF | -3.7055423440e-04
2025-12-08T12:22:45.638626 | 50041 | B396BD2A4F63E1BE | -8.2912095746e-06
2025-12-08T12:22:45.639112 | 50045 | 8654FCBB423F223F | 1.3921441677e-04
2025-12-08T12:22:45.643089 | 50043 | AECC88D64C92F6BE | -2.1525845485e-05
2025-12-08T12:22:45.643136 | 50047 | 0ED34D0A1E1B2D3F | 2.2206060126e-04
2025-12-08T12:22:45.643445 | 50042 | 299F9A0EC72506BF | -4.2243134727e-05
2025-12-08T12:22:45.643523 | 50044 | D0E2C91064572A3F | 2.0096870903e-04
2025-12-08T12:22:45.643587 | 50046 | 0744841C26D4383F | 3.7885599569e-04
2025-12-08T12:22:45.643653 | 50049 | 30466E61AB533CBF | -4.3223318192e-04
2025-12-08T12:22:45.643833 | 50038 | 5D52DC80DCC1003F | 3.1961957673e-05
2025-12-08T12:22:45.643932 | 50040 | 47304B796B70EBBE | -1.3084001503e-05
2025-12-08T12:22:45.643961 | 50039 | D48D9971FBC70A3F | 5.1081047968e-05
2025-12-08T12:22:45.644927 | 50048 | A72B477C41AB21BF | -1.3480352767e-04
2025-12-08T12:22:45.739230 | 50038 | E10FC0241D33F33E | 1.8310225911e-05
2025-12-08T12:22:45.739701 | 50045 | 16BC7BC8347A163F | 8.5744353892e-05
2025-12-08T12:22:45.739850 | 50044 | 4FDC6206FFCD243F | 1.5872705553e-04
2025-12-08T12:22:45.739905 | 50040 | BE87F633F076E7BE | -1.1188794473e-05
2025-12-08T12:22:45.739978 | 50046 | 542F2CF812D83C3F | 4.4012511368e-04
2025-12-08T12:22:45.740031 | 50048 | 26D9287F4CB611BF | -6.7566317548e-05
2025-12-08T12:22:45.740084 | 50039 | 513260D98070033F | 3.7077839053e-05
2025-12-08T12:22:45.740142 | 50049 | B2F3F04963D935BF | -3.3339189571e-04
2025-12-08T12:22:45.740115 | 50043 | 1C512F2DFCFEF5BE | -2.0977054031e-05
2025-12-08T12:22:45.740198 | 50042 | 86348EFD648CE1BE | -8.3677368126e-06
2025-12-08T12:22:45.740462 | 50041 | A72512CD65DEF5BE | -2.0855656491e-05
2025-12-08T12:22:45.740632 | 50047 | 669AEE41A7D5193F | 9.8551114645e-05
2025-12-08T12:22:45.839548 | 50038 | BED48947C811003F | 3.0650066894e-05
2025-12-08T12:22:45.840384 | 50044 | 66FAC495D7B6263F | 1.7329579976e-04
2025-12-08T12:22:45.840439 | 50046 | 2B721D542D23203F | 1.2311867072e-04
2025-12-08T12:22:45.840597 | 50043 | 1AC90EC6C31703BF | -3.6416685141e-05
2025-12-08T12:22:45.840876 | 50041 | 56AABB63014C03BF | -3.6805908591e-05
2025-12-08T12:22:45.840953 | 50048 | B829F8A13ACA16BF | -8.6936787277e-05
2025-12-08T12:22:45.841028 | 50040 | 2733E37B078AD5BE | -5.1353399028e-06
2025-12-08T12:22:45.842703 | 50039 | 0850F1C8CC050A3F | 4.9634277382e-05
2025-12-08T12:22:45.842855 | 50047 | EF3C2BFE7D7B2ABF | -2.0204461096e-04
2025-12-08T12:22:45.842939 | 50042 | CCA66BC53B06DFBE | -7.3967813339e-06
2025-12-08T12:22:45.843026 | 50045 | 96B9CD5109872A3F | 2.0238865627e-04
2025-12-08T12:22:45.843085 | 50049 | 987E12851D393FBF | -4.7642679881e-04
2025-12-08T12:22:45.939599 | 50038 | B8DBF4423BD5073F | 4.5457716960e-05
2025-12-08T12:22:45.939838 | 50044 | 047C07727948313F | 2.6371922470e-04
2025-12-08T12:22:45.940209 | 50039 | 1C3DBFB12BC8DD3E | 7.1005622679e-06
2025-12-08T12:22:45.940289 | 50041 | C7E641792D6CE8BE | -1.1645588337e-05
2025-12-08T12:22:45.940515 | 50045 | 9D2B19BCCEA1343F | 3.1482026325e-04
2025-12-08T12:22:45.940637 | 50046 | D6B3AEFE0C91313F | 2.6804511315e-04
2025-12-08T12:22:45.941048 | 50048 | 942364ABFEF015BF | -8.3699744980e-05
2025-12-08T12:22:45.941143 | 50043 | 9B57CE74E565EABE | -1.2587562787e-05
2025-12-08T12:22:45.941091 | 50042 | 30E7E131ACA6D6BE | -5.4004347288e-06
2025-12-08T12:22:45.941247 | 50047 | EF0B964A4BE2193F | 9.8739476604e-05
2025-12-08T12:22:45.941389 | 50040 | 36A5C4C8341FE83E | 1.1502217852e-05
2025-12-08T12:22:45.941678 | 50049 | AC189B1FF8C13EBF | -4.6932513906e-04
2025-12-08T12:22:46.041264 | 50039 | 954F7BD5CEFA063F | 4.3830334730e-05
2025-12-08T12:22:46.041349 | 50038 | 2426D2E811B6033F | 3.7596150926e-05
2025-12-08T12:22:46.041782 | 50046 | 92117A555E33383F | 3.6927273820e-04
2025-12-08T12:22:46.041819 | 50045 | 1A18D73D6F92393F | 3.9019790514e-04
2025-12-08T12:22:46.041898 | 50043 | 8836433C0525D33E | 4.5644309845e-06
2025-12-08T12:22:46.041865 | 50044 | AE2A69E2E85021BF | -1.3211100414e-04
2025-12-08T12:22:46.042058 | 50047 | 2539CFE3088E203F | 1.2630327720e-04
2025-12-08T12:22:46.042208 | 50041 | 1868BDBACEBFCDBE | -3.5463867415e-06
2025-12-08T12:22:46.041967 | 50048 | 18ED3C05A4FA30BF | -2.5907997518e-04
2025-12-08T12:22:46.042229 | 50040 | EE75A8497979E1BE | -8.3324942369e-06
2025-12-08T12:22:46.042330 | 50042 | 09421202F03FF9BE | -2.4080043776e-05
2025-12-08T12:22:46.044069 | 50049 | 0342488182C421BF | -1.3555615500e-04
2025-12-08T12:22:46.140695 | 50039 | 9FFF8F97B835F83E | 2.3088310147e-05
2025-12-08T12:22:46.141260 | 50047 | 48D17312A457123F | 6.9970502057e-05
2025-12-08T12:22:46.141378 | 50048 | FAC1F6556D1A39BF | -3.8304490405e-04
2025-12-08T12:22:46.141739 | 50044 | 01626D08866F1ABF | -1.0084395954e-04
2025-12-08T12:22:46.141804 | 50041 | E8CB979630BCCFBE | -3.7831206796e-06
2025-12-08T12:22:46.141878 | 50042 | A2AE60E59625F6BE | -2.1120866528e-05
2025-12-08T12:22:46.141911 | 50040 | 1EB4919A831CF2BE | -1.7272360911e-05
2025-12-08T12:22:46.142136 | 50049 | E69E5663AA0E39BF | -3.8234386315e-04
2025-12-08T12:22:46.142208 | 50046 | DCC6A16300B6393F | 3.9231786253e-04
2025-12-08T12:22:46.142251 | 50043 | 705D72B6D976C33E | 2.3203205504e-06
2025-12-08T12:22:46.142993 | 50045 | C6940F974AE72E3F | 2.3577485584e-04
2025-12-08T12:22:46.143300 | 50038 | 48DB7D61E0F4D43E | 4.9964305829e-06
2025-12-08T12:22:46.242618 | 50048 | C8E77B6854890ABF | -5.0614250595e-05
2025-12-08T12:22:46.242669 | 50042 | 587F465ECCF4FBBE | -2.6661151325e-05
2025-12-08T12:22:46.242852 | 50047 | 2055BF42593ADB3E | 6.4916430737e-06
2025-12-08T12:22:46.242939 | 50045 | 7A3DF40D59F0323F | 2.8898405249e-04
2025-12-08T12:22:46.243045 | 50049 | 846D7D3D342834BF | -3.0757213016e-04
2025-12-08T12:22:46.243092 | 50043 | 700DAE94CBCFFCBE | -2.7476978441e-05
2025-12-08T12:22:46.243128 | 50046 | 5E6CE61675C2363F | 3.4728392247e-04
2025-12-08T12:22:46.243163 | 50044 | E142B14F716623BF | -1.4801152415e-04
2025-12-08T12:22:46.243199 | 50041 | 52E9A745BED8FFBE | -3.0371335336e-05
2025-12-08T12:22:46.243272 | 50038 | 38700ABA9BCCFF3E | 3.0326129152e-05
2025-12-08T12:22:46.243310 | 50040 | 5C69969DEBECFA3E | 2.5678129395e-05
2025-12-08T12:22:46.244751 | 50039 | E0C4F57C53B6053F | 4.1412756782e-05
2025-12-08T12:22:46.343179 | 50038 | 245244B0445F013F | 3.3134731014e-05
2025-12-08T12:22:46.343370 | 50039 | E4F029E41BB5D33E | 4.6986238568e-06
2025-12-08T12:22:46.343526 | 50041 | E80823B91DACC23E | 2.2259150195e-06
2025-12-08T12:22:46.343654 | 50047 | AD7C5EC8CD1C2DBF | -2.2211086269e-04
2025-12-08T12:22:46.343777 | 50044 | 4876BDBC8A9CEB3E | 1.3166185361e-05
2025-12-08T12:22:46.343844 | 50048 | DA79BC536E3C16BF | -8.4823831397e-05
2025-12-08T12:22:46.344206 | 50049 | 6886D39BCBE535BF | -3.3413144031e-04
2025-12-08T12:22:46.344294 | 50045 | 8869EB9FE328263F | 1.6906527158e-04
2025-12-08T12:22:46.344400 | 50043 | 04E0291F4D2AECBE | -1.3430232660e-05
2025-12-08T12:22:46.344703 | 50042 | 2A09645584B001BF | -3.3740080356e-05
2025-12-08T12:22:46.344761 | 50040 | 75B2E6A19E81C63E | 2.6829632269e-06
2025-12-08T12:22:46.344917 | 50046 | D0AE0CF0579F2C3F | 2.1837185343e-04
2025-12-08T12:22:46.443256 | 50039 | 160C5D4DC46D013F | 3.3242753189e-05
2025-12-08T12:22:46.444518 | 50043 | 44593210F427E8BE | -1.1518510752e-05
2025-12-08T12:22:46.444648 | 50045 | 0AFB64341ECF343F | 3.1752097529e-04
2025-12-08T12:22:46.444839 | 50046 | A21A8A009AB7343F | 3.1611928765e-04
2025-12-08T12:22:46.444878 | 50042 | EEE932EF8A6CFFBE | -2.9968256922e-05
2025-12-08T12:22:46.444916 | 50048 | 035C70EC260433BF | -2.9016447337e-04
2025-12-08T12:22:46.445193 | 50038 | 05FBF444404DF93E | 2.4129640505e-05
2025-12-08T12:22:46.445356 | 50041 | 40B2B3920DE3C6BE | -2.7283341716e-06
2025-12-08T12:22:46.445530 | 50044 | E245480EE72D1DBF | -1.1131022217e-04
2025-12-08T12:22:46.445573 | 50047 | 6169035D5650033F | 3.6838183975e-05
2025-12-08T12:22:46.445744 | 50049 | 2833F774AF8C01BF | -3.3473114509e-05
2025-12-08T12:22:46.448058 | 50040 | 97B096855854E43E | 9.6938494377e-06
2025-12-08T12:22:46.544011 | 50038 | 98B60A6062F4FA3E | 2.5705934606e-05
2025-12-08T12:22:46.544103 | 50039 | FE01331F86D6053F | 4.1652648997e-05
2025-12-08T12:22:46.544148 | 50046 | 46DC6AD58B13403F | 4.9061134162e-04
2025-12-08T12:22:46.544176 | 50047 | 5CB383A61F6A273F | 1.7863880499e-04
2025-12-08T12:22:46.544257 | 50043 | E41F4FA27699F6BE | -2.1552530729e-05
2025-12-08T12:22:46.544404 | 50042 | C0C7B0C3FC67D7BE | -5.5804730961e-06
2025-12-08T12:22:46.544548 | 50049 | F0428ADD18A810BF | -6.3539998687e-05
2025-12-08T12:22:46.544609 | 50040 | 78CC086F6133C7BE | -2.7657396162e-06
2025-12-08T12:22:46.544887 | 50044 | 48E684E4F635243F | 1.5419615580e-04
2025-12-08T12:22:46.544996 | 50045 | 107416EAC131253F | 1.6170017356e-04
2025-12-08T12:22:46.545200 | 50041 | 4EECECF4DE6FE6BE | -1.0698793316e-05
2025-12-08T12:22:46.545273 | 50048 | 23CA667F7E8935BF | -3.2862985918e-04
2025-12-08T12:22:46.643857 | 50039 | 20A0CA743972D43E | 4.8747513800e-06
2025-12-08T12:22:46.644656 | 50041 | A4F445737E2F05BF | -4.0408178765e-05
2025-12-08T12:22:46.644977 | 50049 | D8262855F91808BF | -4.5962437657e-05
2025-12-08T12:22:46.645049 | 50045 | A6B6E07432C7333F | 3.0179006433e-04
2025-12-08T12:22:46.645102 | 50046 | 7DF129B33A0F373F | 3.5185988524e-04
2025-12-08T12:22:46.645122 | 50038 | 48D354325425033F | 3.6517745949e-05
2025-12-08T12:22:46.645138 | 50040 | F6C4D21F1D3DF73E | 2.2162175800e-05
2025-12-08T12:22:46.645207 | 50043 | 5044A581D08EE83E | 1.1710104492e-05
2025-12-08T12:22:46.645251 | 50044 | 7FEB101DD061303F | 2.4997073075e-04
2025-12-08T12:22:46.645419 | 50042 | 20A23C5247C2D1BE | -4.2340518894e-06
2025-12-08T12:22:46.645457 | 50047 | F80FAC7336F42D3F | 2.2853054710e-04
2025-12-08T12:22:46.645584 | 50048 | 8BF1D02237A740BF | -5.0821487606e-04
2025-12-08T12:22:46.744636 | 50042 | 03888FF77B7FEDBE | -1.4065735501e-05
2025-12-08T12:22:46.744728 | 50049 | AB9864F4FA0E3EBF | -4.5865656684e-04
2025-12-08T12:22:46.744932 | 50039 | A63D4C2750C6F13E | 1.6951237245e-05
2025-12-08T12:22:46.745021 | 50046 | B8AFB48B6EA8383F | 3.7625025625e-04
2025-12-08T12:22:46.745084 | 50043 | 90CFA2DED4C0C43E | 2.4739799659e-06
2025-12-08T12:22:46.745474 | 50041 | 968FFE26033207BF | -4.4241639329e-05
2025-12-08T12:22:46.745621 | 50040 | 1B9388EA0F50F53E | 2.0325415479e-05
2025-12-08T12:22:46.745794 | 50038 | C47E86892259E03E | 7.7954212408e-06
2025-12-08T12:22:46.745878 | 50048 | C251AC9F20BD3ABF | -4.0800138929e-04
2025-12-08T12:22:46.745928 | 50044 | 92532699D95B28BF | -1.8584281186e-04
2025-12-08T12:22:46.746025 | 50045 | AEDEB3663EF93A3F | 4.1158460108e-04
2025-12-08T12:22:46.746080 | 50047 | BE65E5260DA805BF | -4.1306401601e-05
2025-12-08T12:22:46.845347 | 50041 | F0E45AC01416B13E | 1.0184201086e-06
2025-12-08T12:22:46.845444 | 50040 | 94CFFDFACA4BF4BE | -1.9355836855e-05
2025-12-08T12:22:46.845500 | 50038 | C995434B3779ED3E | 1.4054059968e-05
2025-12-08T12:22:46.845567 | 50046 | 345F1E66F11F3E3F | 4.5966762092e-04
2025-12-08T12:22:46.845716 | 50047 | 2CCAFEA57C06183F | 9.1649396835e-05
2025-12-08T12:22:46.845812 | 50045 | EF20F687D1D9323F | 2.8764119630e-04
2025-12-08T12:22:46.846361 | 50043 | A898410FDDA5E7BE | -1.1276199509e-05
2025-12-08T12:22:46.846461 | 50048 | C9157ED7F90740BF | -4.8923205667e-04
2025-12-08T12:22:46.846537 | 50039 | 9D3DCD659FA8F53E | 2.0655328956e-05
2025-12-08T12:22:46.848045 | 50042 | 15ECD02A1B6C02BF | -3.5137728766e-05
2025-12-08T12:22:46.848271 | 50044 | C26D2360BD8312BF | -7.0627626005e-05
2025-12-08T12:22:46.848436 | 50049 | 038259EBD98533BF | -2.9789514824e-04
2025-12-08T12:22:46.945314 | 50038 | 2F599BCB678EE63E | 1.0755668302e-05
2025-12-08T12:22:46.945670 | 50040 | 26B63A7E7492EBBE | -1.3147397062e-05
2025-12-08T12:22:46.945714 | 50048 | 8EACC8FD795E28BF | -1.8592108872e-04
2025-12-08T12:22:46.945774 | 50045 | 18B0EFDDA4582F3F | 2.3915302788e-04
2025-12-08T12:22:46.945938 | 50039 | EA95556CAAF4F83E | 2.3799634410e-05
2025-12-08T12:22:46.945969 | 50041 | E4557D6BD700E3BE | -9.0614733918e-06
2025-12-08T12:22:46.946190 | 50046 | 308B640AD54B2D3F | 2.2351241677e-04
2025-12-08T12:22:46.946281 | 50047 | A3381F22DA4A21BF | -1.3193047294e-04
2025-12-08T12:22:46.946469 | 50042 | 5CED41F64A0602BF | -3.4379160554e-05
2025-12-08T12:22:46.946535 | 50049 | C6F50BA26C4836BF | -3.4001018689e-04
2025-12-08T12:22:46.947045 | 50044 | 01D1DF6FDAA20E3F | 5.8433810395e-05
2025-12-08T12:22:46.947325 | 50043 | BFE36F1C5A0EE7BE | -1.0993987315e-05
2025-12-08T12:22:47.045680 | 50038 | E80D56A64EA9F23E | 1.7796856260e-05
2025-12-08T12:22:47.046056 | 50039 | F111D89FE58A073F | 4.4903881626e-05
2025-12-08T12:22:47.046210 | 50042 | A8913198AD2AF9BE | -2.4000846235e-05
2025-12-08T12:22:47.046258 | 50043 | 92461E9AB011D63E | 5.2616836984e-06
2025-12-08T12:22:47.046357 | 50041 | 54759593AD22E4BE | -9.6013360344e-06
2025-12-08T12:22:47.046459 | 50047 | 0C986D6F650E093F | 4.7790976103e-05
2025-12-08T12:22:47.046522 | 50049 | 22E228DA2F5037BF | -3.5573166147e-04
2025-12-08T12:22:47.046587 | 50046 | E853329EE7303B3F | 4.1490225539e-04
2025-12-08T12:22:47.046719 | 50044 | F68AE40F1001243F | 1.5261956282e-04
2025-12-08T12:22:47.047172 | 50045 | 057C731B2AD4333F | 3.0256298073e-04
2025-12-08T12:22:47.047850 | 50040 | 02D0C0850E29BF3E | 1.8573032525e-06
2025-12-08T12:22:47.048905 | 50048 | 370078E17F6538BF | -3.7226078118e-04
2025-12-08T12:22:47.145962 | 50041 | C07257743A2AAF3E | 9.2878801955e-07
2025-12-08T12:22:47.146993 | 50045 | AAD3AE2B7EC42E3F | 2.3473777932e-04
2025-12-08T12:22:47.147072 | 50043 | 1AF96FE4137AD1BE | -4.1668095667e-06
2025-12-08T12:22:47.147299 | 50038 | 09038E38CDAB003F | 3.1797600122e-05
2025-12-08T12:22:47.147524 | 50039 | E0454D4C0F6DD03E | 3.9162670803e-06
2025-12-08T12:22:47.147606 | 50047 | 575B3046EF89153F | 8.2164029252e-05
2025-12-08T12:22:47.147688 | 50046 | 17EDFA05ABFF323F | 2.8989720702e-04
2025-12-08T12:22:47.147765 | 50040 | 3864282FA49AD3BE | -4.6739739781e-06
2025-12-08T12:22:47.147840 | 50042 | 2825471FE855D1BE | -4.1331227191e-06
2025-12-08T12:22:47.147899 | 50044 | 64130D806E651CBF | -1.0832297268e-04
2025-12-08T12:22:47.148140 | 50049 | 38F5B6A5AEC020BF | -1.2781269002e-04
2025-12-08T12:22:47.148247 | 50048 | D1ED4FFCE16B3EBF | -4.6419398524e-04
2025-12-08T12:22:47.246525 | 50039 | 2BE48F74D8EEF43E | 1.9963255259e-05
2025-12-08T12:22:47.247415 | 50044 | 5B2CD7540237323F | 2.7793700141e-04
2025-12-08T12:22:47.247492 | 50041 | 279EC64C560109BF | -4.7693678059e-05
2025-12-08T12:22:47.248777 | 50038 | D827F46DBC99023F | 3.5477698242e-05
2025-12-08T12:22:47.249084 | 50042 | F8B54DC109D2D1BE | -4.2487290742e-06
2025-12-08T12:22:47.249124 | 50049 | EA5DE9D0D6B229BF | -1.9606468455e-04
2025-12-08T12:22:47.249272 | 50046 | 718B37302BB82E3F | 2.3437049104e-04
2025-12-08T12:22:47.249354 | 50045 | 7A932C342978273F | 1.7905714966e-04
2025-12-08T12:22:47.249412 | 50048 | 353FEAEDC89E32BF | -2.8412251951e-04
2025-12-08T12:22:47.249490 | 50047 | D0A2A9C6CF5827BF | -1.7812286690e-04
2025-12-08T12:22:47.249942 | 50040 | 96183A8E4FA5E7BE | -1.1275169931e-05
2025-12-08T12:22:47.250010 | 50043 | 807C9149A2BED4BE | -4.9459132692e-06
2025-12-08T12:22:47.347468 | 50039 | 9806F49C8205E23E | 8.5933324088e-06
2025-12-08T12:22:47.347507 | 50038 | 6FE904AF8231003F | 3.0886459970e-05
2025-12-08T12:22:47.348879 | 50041 | AF422B67F846E9BE | -1.2053121485e-05
2025-12-08T12:22:47.348943 | 50040 | 14E506005879F2BE | -1.7618178391e-05
2025-12-08T12:22:47.348915 | 50043 | 9A2B421E1E99FCBE | -2.7273288552e-05
2025-12-08T12:22:47.349005 | 50047 | 14831874EB4C223F | 1.3962148846e-04
2025-12-08T12:22:47.349123 | 50044 | 861D82970436283F | 1.8471532872e-04
2025-12-08T12:22:47.350829 | 50049 | B8EA785D025B29BF | -1.9344714996e-04
2025-12-08T12:22:47.351068 | 50048 | A969F4F8306F2EBF | -2.3219559487e-04
2025-12-08T12:22:47.352667 | 50045 | 99718EF8FA0D393F | 3.8230302067e-04
2025-12-08T12:22:47.353360 | 50042 | 4E50AAECB212ECBE | -1.3386269889e-05
2025-12-08T12:22:47.353460 | 50046 | 88DF539258F13C3F | 4.4163143532e-04
2025-12-08T12:22:47.449346 | 50043 | E0C58B85E644F9BE | -2.4098532182e-05
2025-12-08T12:22:47.450180 | 50042 | 7007A3D5B93609BF | -4.8091455669e-05
2025-12-08T12:22:47.450707 | 50039 | B3F57039E6F3003F | 3.2334769621e-05
2025-12-08T12:22:47.450791 | 50047 | 4FCE97441ADBFFBE | -3.0380124633e-05
2025-12-08T12:22:47.450919 | 50045 | D4029203EC361C3F | 1.0762992396e-04
2025-12-08T12:22:47.450971 | 50048 | 4229331CD25532BF | -2.7977351801e-04
2025-12-08T12:22:47.451317 | 50044 | 54B3D1E12ECA273F | 1.8150160114e-04
2025-12-08T12:22:47.451776 | 50038 | 4C30EB9F3AA5F93E | 2.4457383911e-05
2025-12-08T12:22:47.451872 | 50049 | 56D29CCC2B292CBF | -2.1485004100e-04
2025-12-08T12:22:47.451931 | 50046 | 99F2E9E892D0393F | 3.9390169778e-04
2025-12-08T12:22:47.453985 | 50040 | 79CEB403252DEDBE | -1.3912365935e-05
2025-12-08T12:22:47.454080 | 50041 | D2C27BDC83BFE0BE | -7.9861191717e-06
2025-12-08T12:22:47.548679 | 50039 | 6232579F50960A3F | 5.0710997964e-05
2025-12-08T12:22:47.549653 | 50049 | CBCBC1781C1237BF | -3.5203166113e-04
2025-12-08T12:22:47.549708 | 50045 | BFA30A051B613B3F | 4.1777524624e-04
2025-12-08T12:22:47.549805 | 50040 | B4EE386F6E9FF1BE | -1.6806391569e-05
2025-12-08T12:22:47.549876 | 50041 | 80ED77FC38FE02BF | -3.6226381379e-05
2025-12-08T12:22:47.549836 | 50044 | 871D382EC4C8283F | 1.8908877165e-04
2025-12-08T12:22:47.550278 | 50048 | D4C3B54EA9E025BF | -1.6691271535e-04
2025-12-08T12:22:47.550348 | 50042 | 829474EB4A1CECBE | -1.3404139607e-05
2025-12-08T12:22:47.550612 | 50047 | 3E4A39251959FB3E | 2.6081123293e-05
2025-12-08T12:22:47.550804 | 50038 | 26E4C3BD1730F03E | 1.5437948478e-05
2025-12-08T12:22:47.551007 | 50046 | 47346F701BB5313F | 2.7019424345e-04
2025-12-08T12:22:47.551185 | 50043 | 5C1397BBF5F9FDBE | -2.8587728343e-05
2025-12-08T12:22:47.650541 | 50047 | 0E4D7A37B951173F | 8.8955812198e-05
2025-12-08T12:22:47.650649 | 50046 | 249F5A8CE729243F | 1.5383674161e-04
2025-12-08T12:22:47.650976 | 50039 | F34A20E8CEB9FD3E | 2.8348744770e-05
2025-12-08T12:22:47.651195 | 50044 | E0CFA1569DB7CBBE | -3.3041530303e-06
2025-12-08T12:22:47.651239 | 50049 | B6D33B9AFEE03CBF | -4.4065681344e-04
2025-12-08T12:22:47.651298 | 50042 | E8C74A51B7C4FFBE | -3.0296728329e-05
2025-12-08T12:22:47.651416 | 50038 | 9A354455B6AF083F | 4.7085525383e-05
2025-12-08T12:22:47.652805 | 50040 | 04F7B40F6BAFF93E | 2.4495341660e-05
2025-12-08T12:22:47.652982 | 50048 | 4A233CFBEADF3DBF | -4.5585142946e-04
2025-12-08T12:22:47.653045 | 50043 | FC3C06544EF7F0BE | -1.6180075592e-05
2025-12-08T12:22:47.653223 | 50041 | F6A7F6F7812709BF | -4.7978071048e-05
2025-12-08T12:22:47.653688 | 50045 | 601CD39997A2203F | 1.2691593739e-04
2025-12-08T12:22:47.750015 | 50038 | EC04007BFB77083F | 4.6670305323e-05
2025-12-08T12:22:47.750637 | 50044 | E00A0A71D96DCFBE | -3.7466405803e-06
2025-12-08T12:22:47.750809 | 50039 | BC341F2CF3D5013F | 3.4018977672e-05
2025-12-08T12:22:47.750904 | 50045 | 34F5FC2C450C0A3F | 4.9682484699e-05
2025-12-08T12:22:47.750994 | 50047 | 41FD98A85D1A00BF | -3.0714019044e-05
2025-12-08T12:22:47.751229 | 50046 | 404DE74AC623EE3E | 1.4371750095e-05
2025-12-08T12:22:47.751401 | 50041 | 5C5B2FA0BE4B02BF | -3.4896616874e-05
2025-12-08T12:22:47.751598 | 50042 | FA8B12A18EB503BF | -3.7592330167e-05
2025-12-08T12:22:47.751740 | 50040 | 46DBC2C03D7CEA3E | 1.2629183424e-05
2025-12-08T12:22:47.751852 | 50048 | E3D27ABFADC73EBF | -4.6966545004e-04
2025-12-08T12:22:47.752034 | 50049 | 34CE51FFA64E04BF | -3.8732978205e-05
2025-12-08T12:22:47.752326 | 50043 | A83FB231BD7BAFBE | -9.3827711413e-07
2025-12-08T12:22:47.850803 | 50038 | 861CDFC1EED0F13E | 1.6990798137e-05
2025-12-08T12:22:47.850963 | 50040 | F00230A4C63AE4BE | -9.6462218888e-06
2025-12-08T12:22:47.851236 | 50042 | 49DCF6879C7B04BF | -3.9067949725e-05
2025-12-08T12:22:47.851342 | 50047 | 3CD5E2AA15EA033F | 3.7983690491e-05
2025-12-08T12:22:47.851440 | 50048 | F26E7EE7471F31BF | -2.6126389957e-04
2025-12-08T12:22:47.851512 | 50046 | 80794BC4019B3E3F | 4.6700280317e-04
2025-12-08T12:22:47.851531 | 50041 | 562FE7DCB8EEE4BE | -9.9813977642e-06
2025-12-08T12:22:47.851660 | 50045 | DE9C5FE55CAA103F | 6.3573760911e-05
2025-12-08T12:22:47.851744 | 50039 | 7F61F9283E5BF63E | 2.1320740926e-05
2025-12-08T12:22:47.852253 | 50043 | 88E8E0D71A62EBBE | -1.3057337807e-05
2025-12-08T12:22:47.852647 | 50044 | DAD2DC9B8E4A343F | 3.0961972867e-04
2025-12-08T12:22:47.853137 | 50049 | 1C2A7F3027D43CBF | -4.3989140295e-04
2025-12-08T12:22:47.950876 | 50044 | 2346F06C9D0B1EBF | -1.1461399411e-04
2025-12-08T12:22:47.951540 | 50045 | 5E23DE9259391A3F | 1.0003670897e-04
2025-12-08T12:22:47.951770 | 50048 | E56C9003C73E30BF | -2.4788244952e-04
2025-12-08T12:22:47.952394 | 50040 | 54B664A25A62F93E | 2.4208255263e-05
2025-12-08T12:22:47.951954 | 50049 | 9CD0B1EE69C43DBF | -4.5421205750e-04
2025-12-08T12:22:47.952248 | 50043 | BAE9B2CB0E0FEBBE | -1.2902650602e-05
2025-12-08T12:22:47.952554 | 50046 | C11A0CE5A441373F | 3.5486484289e-04
2025-12-08T12:22:47.952696 | 50041 | 65FB63CE4243EDBE | -1.3953560892e-05
2025-12-08T12:22:47.953409 | 50042 | B0082BCF7F5706BF | -4.2613590173e-05
2025-12-08T12:22:47.953503 | 50047 | BFE650E251AC2DBF | -2.2638797341e-04
2025-12-08T12:22:47.953746 | 50039 | 3C0FB5A7A82BD93E | 6.0011249120e-06
2025-12-08T12:22:47.954132 | 50038 | F869B839966AE03E | 7.8279279512e-06
2025-12-08T12:22:48.052331 | 50040 | A083002E6B8FEA3E | 1.2664904205e-05
2025-12-08T12:22:48.053882 | 50047 | 880544460EB630BF | -2.5499199388e-04
2025-12-08T12:22:48.053916 | 50042 | 6CA3150A6455F7BE | -2.2252614717e-05
2025-12-08T12:22:48.053941 | 50046 | 805579987F471D3F | 1.1169163019e-04
2025-12-08T12:22:48.054887 | 50045 | 9DCB52425D993B3F | 4.2112852891e-04
2025-12-08T12:22:48.054956 | 50048 | 91DB9A4DCF473ABF | -4.0100871193e-04
2025-12-08T12:22:48.055136 | 50038 | 2DDCF5456531FA3E | 2.4979545171e-05
2025-12-08T12:22:48.055224 | 50044 | 77482C2B2C4C1ABF | -1.0031718811e-04
2025-12-08T12:22:48.055175 | 50039 | FDD7CE815433FD3E | 2.7847774721e-05
2025-12-08T12:22:48.055338 | 50043 | 602FA6793DD7E6BE | -1.0891333478e-05
2025-12-08T12:22:48.055585 | 50049 | 6C720FC940F923BF | -1.5238681638e-04
2025-12-08T12:22:48.056117 | 50041 | D820B336634005BF | -4.0534045945e-05
2025-12-08T12:22:48.152703 | 50038 | 507079FED962F53E | 2.0395411325e-05
2025-12-08T12:22:48.153844 | 50040 | FBEA8232143EEABE | -1.2513397067e-05
2025-12-08T12:22:48.153957 | 50045 | 8FE3E5E102EC403F | 5.1641598456e-04
2025-12-08T12:22:48.154371 | 50049 | F0A957C472D632BF | -2.8744031837e-04
2025-12-08T12:22:48.154522 | 50044 | DA4D135CE925313F | 2.6165911920e-04
2025-12-08T12:22:48.154668 | 50046 | E2A199821544363F | 3.3975148344e-04
2025-12-08T12:22:48.154742 | 50043 | 76821954F63AE63E | 1.0600243175e-05
2025-12-08T12:22:48.154902 | 50042 | B494766BDCF408BF | -4.7600723913e-05
2025-12-08T12:22:48.155059 | 50047 | 7FAF416E1CE526BF | -1.7467472128e-04
2025-12-08T12:22:48.155163 | 50039 | 5E68B58BA571EB3E | 1.3086286677e-05
2025-12-08T12:22:48.155381 | 50048 | 2583A44BE4CE25BF | -1.6638314066e-04
2025-12-08T12:22:48.155666 | 50041 | AA9D78B81AF7FDBE | -2.8577090715e-05
2025-12-08T12:22:48.253391 | 50038 | E4AFB9770E94EA3E | 1.2673542862e-05
2025-12-08T12:22:48.254842 | 50041 | 004DB232B7E688BE | -1.8552864254e-07
2025-12-08T12:22:48.255100 | 50049 | 1DCA6692ED5431BF | -2.6446151824e-04
2025-12-08T12:22:48.255164 | 50047 | E539064331EF093F | 4.9465838290e-05
2025-12-08T12:22:48.255290 | 50043 | 58B63BD03008F5BE | -2.0057673296e-05
2025-12-08T12:22:48.255438 | 50042 | 64A0A0611AE204BF | -3.9831571670e-05
2025-12-08T12:22:48.255496 | 50048 | 44B2DC7FF5311CBF | -1.0755597029e-04
2025-12-08T12:22:48.255674 | 50044 | F804ECB1EB0013BF | -7.2492967302e-05
2025-12-08T12:22:48.255909 | 50046 | 8E8F41FA5C3C173F | 8.8637518787e-05
2025-12-08T12:22:48.256060 | 50040 | 44E6D56F5C2FDF3E | 7.4350843965e-06
2025-12-08T12:22:48.256796 | 50039 | 0D94F1195B1CE73E | 1.1020071552e-05
2025-12-08T12:22:48.257118 | 50045 | 6CF13CAD29AB293F | 1.9583591222e-04
2025-12-08T12:22:48.354321 | 50042 | DF4924FA8E4DF0BE | -1.5547717006e-05
2025-12-08T12:22:48.354700 | 50039 | 93B05AB119EC043F | 3.9906057436e-05
2025-12-08T12:22:48.354877 | 50049 | 6025205CB30EF8BE | -2.2942947687e-05
2025-12-08T12:22:48.355059 | 50047 | DBA4BDE6BE371B3F | 1.0382750196e-04
2025-12-08T12:22:48.355085 | 50043 | BA5302D76475F2BE | -1.7603464074e-05
2025-12-08T12:22:48.355145 | 50045 | E211183BD57D3C3F | 4.3474632102e-04
2025-12-08T12:22:48.355263 | 50046 | 5E4A81006236333F | 2.9315846087e-04
2025-12-08T12:22:48.355425 | 50044 | A0FE61ABFF1A343F | 3.0678502970e-04
2025-12-08T12:22:48.355528 | 50048 | CF9190D22C472BBF | -2.0811483526e-04
2025-12-08T12:22:48.355774 | 50038 | 2EF4D1675993073F | 4.4966855946e-05
2025-12-08T12:22:48.356119 | 50041 | 77C9A4F3C1BE03BF | -3.7660879075e-05
2025-12-08T12:22:48.356224 | 50040 | A8A7ADFA18E0E3BE | -9.4773202670e-06
2025-12-08T12:22:48.454573 | 50043 | 5A182467E21CE83E | 1.1497893159e-05
2025-12-08T12:22:48.457774 | 50041 | 751AE849260E01BF | -3.2530349234e-05
2025-12-08T12:22:48.457886 | 50044 | 34031352B3611CBF | -1.0826737391e-04
2025-12-08T12:22:48.458793 | 50046 | 8C66EEEA36173C3F | 4.2862978710e-04
2025-12-08T12:22:48.458853 | 50049 | FC738936BF9024BF | -1.5690168518e-04
2025-12-08T12:22:48.458941 | 50042 | 71A8C60AA4EF03BF | -3.8025087039e-05
2025-12-08T12:22:48.459034 | 50048 | 18A4D78B803D3ABF | -4.0039432846e-04
2025-12-08T12:22:48.459143 | 50047 | 9B8367230859133F | 7.3805925104e-05
2025-12-08T12:22:48.459203 | 50038 | 148F703D33C1D03E | 3.9946289326e-06
2025-12-08T12:22:48.459282 | 50039 | 893D4824470FE83E | 1.1472549098e-05
2025-12-08T12:22:48.459347 | 50040 | 7880A6B42684D2BE | -4.4146098141e-06
2025-12-08T12:22:48.459436 | 50045 | FE6C44074B791F3F | 1.2006302297e-04
2025-12-08T12:22:48.559087 | 50040 | C31DBDCFC408D1BE | -4.0612824213e-06
2025-12-08T12:22:48.559237 | 50038 | 46E5AA685D7DF83E | 2.3355204159e-05
2025-12-08T12:22:48.559410 | 50039 | FFDB986852E8E63E | 1.0923150756e-05
2025-12-08T12:22:48.559527 | 50046 | CE31E799A29B333F | 2.9919357067e-04
2025-12-08T12:22:48.559603 | 50045 | D226AACC3D793F3F | 4.8024901177e-04
2025-12-08T12:22:48.559679 | 50047 | 010918D2FDCA24BF | -1.5863750836e-04
2025-12-08T12:22:48.559775 | 50044 | C748228AEB0420BF | -1.2221694221e-04
2025-12-08T12:22:48.560182 | 50041 | CBA0847FA441F7BE | -2.2179046909e-05
2025-12-08T12:22:48.560331 | 50042 | A801FD947CA6E4BE | -9.8468487121e-06
2025-12-08T12:22:48.560495 | 50048 | CA324809D22C34BF | -3.0784728850e-04
2025-12-08T12:22:48.560744 | 50049 | 4BF1B589222B38BF | -3.6878197871e-04
2025-12-08T12:22:48.561144 | 50043 | B4ADB49E351DD7BE | -5.5108307422e-06
2025-12-08T12:22:48.657658 | 50038 | B80F1400CEB0023F | 3.5649572974e-05
2025-12-08T12:22:48.658930 | 50041 | 60F5B8D7B62E05BF | -4.0402369418e-05
2025-12-08T12:22:48.659031 | 50040 | A1F88021C3B6D7BE | -5.6538379099e-06
2025-12-08T12:22:48.659140 | 50043 | 4FC066CFF70CE9BE | -1.1945083753e-05
2025-12-08T12:22:48.659449 | 50044 | 8215A463C9112D3F | 2.2178252568e-04
2025-12-08T12:22:48.659620 | 50049 | 60D3EC28AC421EBF | -1.1543441563e-04
2025-12-08T12:22:48.659710 | 50047 | 5631601149AC21BF | -1.3483421270e-04
2025-12-08T12:22:48.660803 | 50048 | 75118B0296B92CBF | -2.1915393997e-04
2025-12-08T12:22:48.660868 | 50046 | C06CDCF1A958D13E | 4.1356904868e-06
2025-12-08T12:22:48.660984 | 50042 | 83A558F8EF8700BF | -3.1530390555e-05
2025-12-08T12:22:48.661043 | 50039 | C88C8E179BB8F33E | 1.8807522313e-05
2025-12-08T12:22:48.662873 | 50045 | B8AD3C3963E02F3F | 2.4319850183e-04
2025-12-08T12:22:48.757580 | 50038 | 409FD1AFE0020A3F | 4.9612504861e-05
2025-12-08T12:22:48.757751 | 50041 | 24A942C61E02F7BE | -2.1942407685e-05
2025-12-08T12:22:48.757890 | 50044 | 9AADC86E41470A3F | 5.0121960019e-05
2025-12-08T12:22:48.758411 | 50043 | 2D61E0EEDF2FE9BE | -1.2010102605e-05
2025-12-08T12:22:48.758039 | 50039 | F49C3535EC7ADF3E | 7.5054566254e-06
2025-12-08T12:22:48.759093 | 50049 | 16E751D2AAC318BF | -9.4468403931e-05
2025-12-08T12:22:48.759350 | 50046 | 78EB1E61A463F83E | 2.3259379368e-05
2025-12-08T12:22:48.759420 | 50040 | 343978B161A5F3BE | -1.8735906535e-05
2025-12-08T12:22:48.759662 | 50047 | E9B6F5A26CFC24BF | -1.6011072283e-04
2025-12-08T12:22:48.759836 | 50048 | 27D803B414872ABF | -2.0238998150e-04
2025-12-08T12:22:48.760162 | 50045 | AE1FE833A5FB403F | 5.1827971021e-04
2025-12-08T12:22:48.760361 | 50042 | F9C623040E02FBBE | -2.5756861086e-05
2025-12-08T12:22:48.858396 | 50038 | 44F8CCECAFA8F13E | 1.6840872195e-05
2025-12-08T12:22:48.858521 | 50039 | A0462ECDD19AC53E | 2.5754885455e-06
2025-12-08T12:22:48.858554 | 50040 | 2E8D4074F134BBBE | -1.6216522036e-06
2025-12-08T12:22:48.860297 | 50041 | 357AF35B9915F1BE | -1.6292926145e-05
2025-12-08T12:22:48.860402 | 50042 | BCDF24042A93F6BE | -2.1529064051e-05
2025-12-08T12:22:48.860467 | 50046 | 103E5109CFA1FC3E | 2.7305665374e-05
2025-12-08T12:22:48.860530 | 50047 | CACF73B8D0F620BF | -1.2942598207e-04
2025-12-08T12:22:48.860728 | 50045 | 1D8D8883CBFB263F | 1.7535075473e-04
2025-12-08T12:22:48.860782 | 50049 | CBD983A107B32CBF | -2.1895855094e-04
2025-12-08T12:22:48.861011 | 50048 | 6B7594B1C98231BF | -2.6719497835e-04
2025-12-08T12:22:48.861040 | 50043 | 6B8B3ED25B29F6BE | -2.1134908038e-05
2025-12-08T12:22:48.861350 | 50044 | A0A48B7FF5180DBF | -5.5499069225e-05
2025-12-08T12:22:48.959593 | 50039 | C8454AB9DABFFD3E | 2.8371268473e-05
2025-12-08T12:22:48.959744 | 50038 | 9EA91188D6E4063F | 4.3666645987e-05
2025-12-08T12:22:48.960081 | 50042 | 16FFB7BBD98FE0BE | -7.8973370057e-06
2025-12-08T12:22:48.960381 | 50046 | EE5016AAC76B353F | 3.2685875529e-04
2025-12-08T12:22:48.960401 | 50040 | 31619A5AFBD2E2BE | -8.9760531694e-06
2025-12-08T12:22:48.960615 | 50048 | F4AA7A0E321636BF | -3.3701631626e-04
2025-12-08T12:22:48.960813 | 50041 | A474FBF9D203DCBE | -6.6792817106e-06
2025-12-08T12:22:48.960891 | 50043 | 1F11DCE3C304F5BE | -2.0044912382e-05
2025-12-08T12:22:48.960972 | 50045 | DA8683590CA2103F | 6.3449863208e-05
2025-12-08T12:22:48.961225 | 50047 | 1CDE049897AC243F | 1.5773153792e-04
2025-12-08T12:22:48.961309 | 50049 | D2093509D6D936BF | -3.4867740142e-04
2025-12-08T12:22:48.961510 | 50044 | BA797C73B184323F | 2.8256733229e-04
2025-12-08T12:22:49.061883 | 50038 | D1EB354DC0B7F53E | 2.0711687126e-05
2025-12-08T12:22:49.061923 | 50039 | 21F9E1F44DE9F03E | 1.6127916119e-05
2025-12-08T12:22:49.062117 | 50041 | 2F842A9A6D970ABF | -5.0719291967e-05
2025-12-08T12:22:49.062246 | 50049 | 36E28519B5FE1ABF | -1.0297756524e-04
2025-12-08T12:22:49.062290 | 50043 | B7D282501203EE3E | 1.4310835937e-05
2025-12-08T12:22:49.062370 | 50047 | DC90E14CA19F0BBF | -5.2687749858e-05
2025-12-08T12:22:49.062506 | 50042 | 4A23F6CE1CD2E6BE | -1.0881782571e-05
2025-12-08T12:22:49.062547 | 50046 | AD623D6B27A5353F | 3.3027851463e-04
2025-12-08T12:22:49.062604 | 50045 | A2A76C587396303F | 2.5310817766e-04
2025-12-08T12:22:49.063826 | 50040 | 7661AC2C7793F6BE | -2.1530186852e-05
2025-12-08T12:22:49.064090 | 50044 | 4A5D9AE01839253F | 1.6191891364e-04
2025-12-08T12:22:49.064336 | 50048 | F5CFD92374F240BF | -5.1718397999e-04
2025-12-08T12:22:49.161438 | 50043 | 139197377E67E3BE | -9.2526768069e-06
2025-12-08T12:22:49.161493 | 50042 | BEE15413FEDBFCBE | -2.7522416720e-05
2025-12-08T12:22:49.161532 | 50041 | 34D8F020319A01BF | -3.3573746002e-05
2025-12-08T12:22:49.161558 | 50040 | 9EBE61C065C6ECBE | -1.3720984509e-05
2025-12-08T12:22:49.161613 | 50044 | 8CD9CCA565D1233F | 1.5119901482e-04
2025-12-08T12:22:49.161707 | 50046 | 283362A34314303F | 2.4534846615e-04
2025-12-08T12:22:49.161894 | 50038 | 78C3BDAB0C72043F | 3.8996707615e-05
2025-12-08T12:22:49.162910 | 50048 | F2B31CF72EF23EBF | -4.7219893087e-04
2025-12-08T12:22:49.162978 | 50047 | 692AE3D051A432BF | -2.8445241413e-04
2025-12-08T12:22:49.163101 | 50039 | 7E039797C027F43E | 1.9221575234e-05
2025-12-08T12:22:49.164347 | 50045 | 7CE338C287B2083F | 4.7106521631e-05
2025-12-08T12:22:49.164480 | 50049 | C52553C9D0553EBF | -4.6287867856e-04
2025-12-08T12:22:49.263029 | 50039 | 94F700B996ABED3E | 1.4147886560e-05
2025-12-08T12:22:49.263505 | 50038 | D548A57EBF58FE3E | 2.8940841653e-05
2025-12-08T12:22:49.264041 | 50041 | E294244D76620ABF | -5.0324664374e-05
2025-12-08T12:22:49.264109 | 50043 | 046D0A87EC86C13E | 2.0893867759e-06
2025-12-08T12:22:49.264340 | 50040 | 4A3BEDFCAF2DD53E | 5.0493399176e-06
2025-12-08T12:22:49.264395 | 50048 | 398A7A4002A839BF | -3.9148383119e-04
2025-12-08T12:22:49.265783 | 50049 | 5C73A0A6947C31BF | -2.6682500050e-04
2025-12-08T12:22:49.266025 | 50045 | D6BF348006B6143F | 7.9006335046e-05
2025-12-08T12:22:49.266099 | 50044 | 5464DCC91DA8F4BE | -1.9699768578e-05
2025-12-08T12:22:49.266179 | 50042 | 49B94CB18B2E04BF | -3.8493764953e-05
2025-12-08T12:22:49.266690 | 50046 | 54D88DDCC4E73A3F | 4.1054302397e-04
2025-12-08T12:22:49.266870 | 50047 | A868D7F5CF5AD4BE | -4.8529471690e-06
2025-12-08T12:22:49.363348 | 50039 | 16D5D2A46A4EFB3E | 2.6041331058e-05
2025-12-08T12:22:49.363827 | 50040 | 4051DC6E4155E93E | 1.2079729881e-05
2025-12-08T12:22:49.364151 | 50043 | C3114A8FE1C0F03E | 1.5977327126e-05
2025-12-08T12:22:49.364586 | 50049 | 576EE60C1EF729BF | -1.9809953524e-04
2025-12-08T12:22:49.364649 | 50045 | 831A9C80DBAA413F | 5.3916662111e-04
2025-12-08T12:22:49.365168 | 50044 | FFBE69C81D3C293F | 1.9252646981e-04
2025-12-08T12:22:49.365223 | 50041 | C898758821BD09BF | -4.9092851493e-05
2025-12-08T12:22:49.365264 | 50046 | 28D8E9DF4B5FF0BE | -1.5613795763e-05
2025-12-08T12:22:49.365458 | 50047 | B844362F513A24BF | -1.5432587643e-04
2025-12-08T12:22:49.365530 | 50038 | 9085DD11EB98CE3E | 3.6474867916e-06
2025-12-08T12:22:49.365626 | 50048 | 06E146E5CF4D32BF | -2.7929616524e-04
2025-12-08T12:22:49.365908 | 50042 | BE82AA9AED1DE6BE | -1.0546162988e-05
2025-12-08T12:22:49.463837 | 50041 | 18F497BDB59EC5BE | -2.5773001482e-06
2025-12-08T12:22:49.463916 | 50039 | 885A0F1509B1F23E | 1.7825646242e-05
2025-12-08T12:22:49.464050 | 50040 | 99FDB04D1E5FE93E | 1.2098100731e-05
2025-12-08T12:22:49.464107 | 50044 | 07061F56FB3F2E3F | 2.3078864166e-04
2025-12-08T12:22:49.464188 | 50046 | D09CD9AC6E42E63E | 1.0614157328e-05
2025-12-08T12:22:49.464314 | 50048 | 420FE95F09DA30BF | -2.5713662027e-04
2025-12-08T12:22:49.464359 | 50043 | 8C1662373B04E0BE | -7.6372759674e-06
2025-12-08T12:22:49.465220 | 50038 | E901F06B5872033F | 3.7091563620e-05
2025-12-08T12:22:49.465354 | 50042 | 15EE6DB4A485E9BE | -1.2169859145e-05
2025-12-08T12:22:49.465504 | 50049 | D1C7E240CB203EBF | -4.5971834414e-04
2025-12-08T12:22:49.465621 | 50045 | CC4659AF97593D3F | 4.4784501310e-04
2025-12-08T12:22:49.465671 | 50047 | 22B875B082DD24BF | -1.5918941811e-04
2025-12-08T12:22:49.564042 | 50038 | A87C582485F0F63E | 2.1876842103e-05
2025-12-08T12:22:49.564282 | 50039 | 51B21C515C57003F | 3.1168465411e-05
2025-12-08T12:22:49.564355 | 50044 | F6FCBCC7691D123F | 6.9102841675e-05
2025-12-08T12:22:49.567026 | 50043 | 6D7BCD9C8C6AF53E | 2.0424087597e-05
2025-12-08T12:22:49.567076 | 50041 | 2A39D4832B2806BF | -4.2260959598e-05
2025-12-08T12:22:49.567164 | 50046 | B68D2C63AC80223F | 1.4116386736e-04
2025-12-08T12:22:49.567104 | 50040 | 1482A94B96FAFCBE | -2.7636390522e-05
2025-12-08T12:22:49.568821 | 50047 | 29566A1E8DCE203F | 1.2822601930e-04
2025-12-08T12:22:49.568987 | 50042 | 6E667DB3E7B401BF | -3.3772774656e-05
2025-12-08T12:22:49.569628 | 50045 | 400D679815462D3F | 2.2334111800e-04
2025-12-08T12:22:49.570003 | 50049 | AEC041B1BD3215BF | -8.0864742189e-05
2025-12-08T12:22:49.570032 | 50048 | D0A4CE8CC8A23CBF | -4.3694874040e-04
2025-12-08T12:22:49.667026 | 50042 | 383499B36C4001BF | -3.2904927548e-05
2025-12-08T12:22:49.667940 | 50045 | 7A61F7C42F25373F | 3.5316864247e-04
2025-12-08T12:22:49.668120 | 50040 | CC3492BC033AF2BE | -1.7382258907e-05
2025-12-08T12:22:49.668253 | 50047 | 8C09B3BC18B800BF | -3.1889204899e-05
2025-12-08T12:22:49.668315 | 50044 | 298544E6817D223F | 1.4106951415e-04
2025-12-08T12:22:49.668404 | 50039 | 7E59EDC0A866043F | 3.8911843254e-05
2025-12-08T12:22:49.668743 | 50038 | DA7AF549788CFD3E | 2.8179846251e-05
2025-12-08T12:22:49.668830 | 50049 | 861A0CF3DF1F2FBF | -2.3746117360e-04
2025-12-08T12:22:49.669800 | 50043 | EC26147D2927CF3E | 3.7137242336e-06
2025-12-08T12:22:49.669944 | 50046 | E43C0B415B86243F | 1.5659202520e-04
2025-12-08T12:22:49.670004 | 50048 | B3FE11A38C8E34BF | -3.1367238541e-04
2025-12-08T12:22:49.670661 | 50041 | E11D53DE688901BF | -3.3448708373e-05
2025-12-08T12:22:49.768080 | 50048 | 2B791E3B4B3C36BF | -3.3928715413e-04
2025-12-08T12:22:49.768184 | 50049 | F0783FEDA6A2E1BE | -8.4091947556e-06
2025-12-08T12:22:49.768319 | 50047 | 68E5BE03A666F3BE | -1.8502207453e-05
2025-12-08T12:22:49.768390 | 50042 | 7B1929B3940207BF | -4.3888247451e-05
2025-12-08T12:22:49.768519 | 50044 | 9D79E96D0AE2073F | 4.5553153303e-05
2025-12-08T12:22:49.768565 | 50043 | E2A4EC07A098F1BE | -1.6781036261e-05
2025-12-08T12:22:49.768635 | 50045 | 3E77ADA3D2BF313F | 2.7083294451e-04
2025-12-08T12:22:49.768853 | 50038 | DA4E4C95C77B063F | 4.2883899971e-05
2025-12-08T12:22:49.768901 | 50039 | F2629FA80F50E23E | 8.7321943915e-06
2025-12-08T12:22:49.768964 | 50041 | 5452AD7E74F6D0BE | -4.0442264247e-06
2025-12-08T12:22:49.769370 | 50040 | 08414E9140FCB3BE | -1.1912202968e-06
2025-12-08T12:22:49.769585 | 50046 | 83F9632C19A8183F | 9.4057594740e-05
2025-12-08T12:22:49.867717 | 50038 | 4539B695087C003F | 3.1441699970e-05
2025-12-08T12:22:49.867841 | 50039 | 98ED91BDDC03C23E | 2.1475657204e-06
2025-12-08T12:22:49.868650 | 50042 | F4A1A0BAAF02FDBE | -2.7666562950e-05
2025-12-08T12:22:49.869325 | 50048 | 0053ED6416773DBF | -4.4960304961e-04
2025-12-08T12:22:49.869590 | 50045 | 22E578E1CCCD1E3F | 1.1750758164e-04
2025-12-08T12:22:49.869651 | 50044 | 8EF6099A77BD2E3F | 2.3452839834e-04
2025-12-08T12:22:49.869865 | 50047 | F8E456D256FCE23E | 9.0530871358e-06
2025-12-08T12:22:49.870066 | 50046 | BCC976D74B2A043F | 3.8462104324e-05
2025-12-08T12:22:49.870253 | 50041 | 95A50B2E02D3F5BE | -2.0813228619e-05
2025-12-08T12:22:49.870401 | 50040 | F69950A9D113F7BE | -2.2008340768e-05
2025-12-08T12:22:49.870651 | 50049 | 00F5781FD86626BF | -1.7091167659e-04
2025-12-08T12:22:49.870788 | 50043 | 7C6AC3D8BB5DDA3E | 6.2861794385e-06
2025-12-08T12:22:49.968251 | 50038 | 46C674ED8B030C3F | 5.3432185889e-05
2025-12-08T12:22:49.969240 | 50044 | 19F5B9AEC70B103F | 6.1210692076e-05
2025-12-08T12:22:49.969369 | 50041 | 1E05C5EB68E8F4BE | -1.9939280479e-05
2025-12-08T12:22:49.969694 | 50049 | 78A2776187BF17BF | -9.0592039093e-05
2025-12-08T12:22:49.969816 | 50043 | 21E20A675501F3BE | -1.8124780072e-05
2025-12-08T12:22:49.969878 | 50040 | 0463EB1F750BF03E | 1.5301471644e-05
2025-12-08T12:22:49.970114 | 50046 | 084BACA28EF6FB3E | 2.6667703575e-05
2025-12-08T12:22:49.970198 | 50042 | 16642501F7B407BF | -4.5217311839e-05
2025-12-08T12:22:49.970278 | 50047 | 48A7D999213931BF | -2.6280470215e-04
2025-12-08T12:22:49.970357 | 50039 | 204D0CFCDE79BBBE | -1.6377007201e-06
2025-12-08T12:22:49.971482 | 50045 | ACC95D9981083B3F | 4.1249431648e-04
2025-12-08T12:22:49.971898 | 50048 | CE70EB7C60173FBF | -4.7441583312e-04
2025-12-08T12:22:50.068591 | 50038 | 08F13D84DEB1DE3E | 7.3182109793e-06
2025-12-08T12:22:50.068882 | 50044 | F0CD44FAE3FAE1BE | -8.5735517322e-06
2025-12-08T12:22:50.068978 | 50047 | 2C32385E9E911B3F | 1.0516671278e-04
2025-12-08T12:22:50.070866 | 50040 | 202B9636B5E89DBE | -4.4567905507e-07
2025-12-08T12:22:50.070916 | 50043 | CD037B398F43DABE | -6.2618027170e-06
2025-12-08T12:22:50.071018 | 50045 | D2263EB765633A3F | 4.0265305801e-04
2025-12-08T12:22:50.072951 | 50048 | 5634486251D035BF | -3.3285128509e-04
2025-12-08T12:22:50.073005 | 50041 | 1DAAA3933B22FCBE | -2.6830407685e-05
2025-12-08T12:22:50.073048 | 50046 | EE455D69B21E313F | 2.6122909309e-04
2025-12-08T12:22:50.073135 | 50039 | B053F62AF61BFD3E | 2.7760720227e-05
2025-12-08T12:22:50.073208 | 50042 | 6BBB7DD1543CF8BE | -2.3112935281e-05
2025-12-08T12:22:50.074830 | 50049 | 4077A95E202D03BF | -3.6575842235e-05
2025-12-08T12:22:50.168812 | 50038 | ED0BB4266253FF3E | 2.9874531191e-05
2025-12-08T12:22:50.168921 | 50039 | D0CA1369039D023F | 3.5502115802e-05
2025-12-08T12:22:50.169590 | 50041 | B4F5BD9B9F8E04BF | -3.9209600316e-05
2025-12-08T12:22:50.169720 | 50046 | 04A7C28F8EDE01BF | -3.4083104738e-05
2025-12-08T12:22:50.169868 | 50045 | D7BE51CD1ED43E3F | 4.7040702822e-04
2025-12-08T12:22:50.169934 | 50044 | 90DDA9DDCDE5F53E | 2.0883247866e-05
2025-12-08T12:22:50.170164 | 50048 | 20DD41E8EDE013BF | -7.5830956179e-05
2025-12-08T12:22:50.170403 | 50043 | 449B763E1908DF3E | 7.3985183699e-06
2025-12-08T12:22:50.170545 | 50042 | F688FF37FD25E0BE | -7.7001548106e-06
2025-12-08T12:22:50.170721 | 50040 | 3E93F5ADD464D2BE | -4.3854404049e-06
2025-12-08T12:22:50.170836 | 50047 | A3C10AF262B7153F | 8.2841314461e-05
2025-12-08T12:22:50.171130 | 50049 | FFDE1FB727A130BF | -2.5374621975e-04
2025-12-08T12:22:50.269988 | 50038 | C063CC3A2986043F | 3.9146550398e-05
2025-12-08T12:22:50.272976 | 50044 | BA4CCD991BAA113F | 6.7384657496e-05
2025-12-08T12:22:50.273132 | 50040 | B1C7DA4C5754E83E | 1.1601189182e-05
2025-12-08T12:22:50.273251 | 50039 | 14E668C66F80E83E | 1.1683323646e-05
2025-12-08T12:22:50.273505 | 50046 | 296A7395A1E1273F | 1.8220040759e-04
2025-12-08T12:22:50.273552 | 50047 | E8A9B8D630B8E9BE | -1.2264011011e-05
2025-12-08T12:22:50.273629 | 50048 | 98DD14AF101502BF | -3.4489223149e-05
2025-12-08T12:22:50.273686 | 50041 | 00F28A51DC5EDABE | -6.2872288928e-06
2025-12-08T12:22:50.273740 | 50045 | 7A953D7E895A3F3F | 4.7841889158e-04
2025-12-08T12:22:50.273908 | 50043 | 27B1E0CB8828B9BE | -1.4995537607e-06
2025-12-08T12:22:50.274229 | 50042 | 800448C216C49BBE | -4.1374522855e-07
2025-12-08T12:22:50.274363 | 50049 | 041D7716D05B38BF | -3.7168340938e-04
2025-12-08T12:22:50.370334 | 50039 | 6082D53E76C6AE3E | 9.1717367716e-07
2025-12-08T12:22:50.370892 | 50047 | AECAC90867140E3F | 5.7372469290e-05
2025-12-08T12:22:50.371029 | 50043 | E1FA67568ABAA83E | 7.3697189579e-07
2025-12-08T12:22:50.371083 | 50045 | 19798DA6D25A303F | 2.4955408894e-04
2025-12-08T12:22:50.371181 | 50044 | 789B1447C7CBF6BE | -2.1739968763e-05
2025-12-08T12:22:50.371396 | 50048 | DE071A2F7B8D1CBF | -1.0891975742e-04
2025-12-08T12:22:50.371442 | 50042 | 059BD44B649EEBBE | -1.3169630956e-05
2025-12-08T12:22:50.371618 | 50041 | 103930C9ED4DEBBE | -1.3019757068e-05
2025-12-08T12:22:50.371861 | 50038 | D5B053E96DE8053F | 4.1786054831e-05
2025-12-08T12:22:50.371968 | 50049 | BA2456F2895E28BF | -1.8592294616e-04
2025-12-08T12:22:50.372172 | 50046 | 31E6C99B2AE9303F | 2.5803842781e-04
2025-12-08T12:22:50.372642 | 50040 | D8BC0573E07CF0BE | -1.5723991227e-05
2025-12-08T12:22:50.471703 | 50038 | E9879830A48B0A3F | 5.0631473709e-05
2025-12-08T12:22:50.471849 | 50039 | B9A16F1C4C21EA3E | 1.2459787184e-05
2025-12-08T12:22:50.471910 | 50042 | 846E60848DA909BF | -4.8946982631e-05
2025-12-08T12:22:50.471991 | 50041 | BEEA5FB9C447FDBE | -2.7923913500e-05
2025-12-08T12:22:50.472048 | 50048 | 24D843CA64E631BF | -2.7313194938e-04
2025-12-08T12:22:50.472076 | 50046 | A473D30BF2F103BF | -3.8042258419e-05
2025-12-08T12:22:50.472527 | 50047 | 48D2FC5A513932BF | -2.7807460991e-04
2025-12-08T12:22:50.472675 | 50043 | 6EB2F1AA6846E03E | 7.7605412498e-06
2025-12-08T12:22:50.473031 | 50049 | 7EC982404B4733BF | -2.9416644294e-04
2025-12-08T12:22:50.473106 | 50040 | A8AA669345A7DC3E | 6.8315042000e-06
2025-12-08T12:22:50.473070 | 50044 | 1E2F1942CFE505BF | -4.1766536253e-05
2025-12-08T12:22:50.473131 | 50045 | 9265784F73C7263F | 1.7379076574e-04
2025-12-08T12:22:50.570832 | 50038 | F71BD00A9C8BF53E | 2.0547246709e-05
2025-12-08T12:22:50.571373 | 50044 | F321E9851B58373F | 3.5620376540e-04
2025-12-08T12:22:50.571660 | 50042 | 689208E9D6DF07BF | -4.5536752740e-05
2025-12-08T12:22:50.571883 | 50040 | BD23CC874CE4F4BE | -1.9923966181e-05
2025-12-08T12:22:50.571984 | 50047 | 44EEAD9856D5F9BE | -2.4636604887e-05
2025-12-08T12:22:50.572063 | 50041 | DC490EC89FA9DCBE | -6.8336950115e-06
2025-12-08T12:22:50.572171 | 50046 | 783E0CFE70A3FDBE | -2.8265421750e-05
2025-12-08T12:22:50.572227 | 50045 | 252000CC7A393B3F | 4.1541336032e-04
2025-12-08T12:22:50.572273 | 50048 | 842EC9623C8F30BF | -2.5267814889e-04
2025-12-08T12:22:50.572317 | 50039 | 795C1FDABD6EE43E | 9.7430154859e-06
2025-12-08T12:22:50.572688 | 50049 | 649D09A97B663EBF | -4.6387213755e-04
2025-12-08T12:22:50.572825 | 50043 | 779C7017E790F23E | 1.7705942323e-05
2025-12-08T12:22:50.673355 | 50041 | 1C4D8778A41FE7BE | -1.1026193321e-05
2025-12-08T12:22:50.676874 | 50048 | 5C15BD387CF51FBF | -1.2191363038e-04
2025-12-08T12:22:50.677059 | 50038 | 0C438CB592B2033F | 3.7570097169e-05
2025-12-08T12:22:50.677101 | 50042 | 2AF83E71882DF7BE | -2.2104132839e-05
2025-12-08T12:22:50.677211 | 50043 | F2315E436607F6BE | -2.1008400118e-05
2025-12-08T12:22:50.677244 | 50049 | 48A4D025ECA831BF | -2.6946797681e-04
2025-12-08T12:22:50.677272 | 50039 | F8FD9D24261BF13E | 1.6313601271e-05
2025-12-08T12:22:50.677353 | 50045 | 92F25DEAFECC293F | 1.9684421312e-04
2025-12-08T12:22:50.677562 | 50046 | F069866D7DE1083F | 4.7456398252e-05
2025-12-08T12:22:50.678996 | 50047 | 90B378C6C741253F | 1.6217769301e-04
2025-12-08T12:22:50.679041 | 50040 | 90F3ED28A653BEBE | -1.8076154082e-06
2025-12-08T12:22:50.679074 | 50044 | C4EBD7D29BEB083F | 4.7531788692e-05
2025-12-08T12:22:50.773082 | 50042 | C0FACCAC2AFDBABE | -1.6086657297e-06
2025-12-08T12:22:50.773154 | 50045 | 60C39BD9D2B4413F | 5.4035468494e-04
2025-12-08T12:22:50.773204 | 50046 | 2F61425E7DD2153F | 8.3245183819e-05
2025-12-08T12:22:50.773264 | 50040 | 1C9480F4CE80B43E | 1.2220834425e-06
2025-12-08T12:22:50.773415 | 50044 | 58065EC3C036093F | 4.8091657319e-05
2025-12-08T12:22:50.773537 | 50047 | 007689D4E2F5F43E | 1.9989483265e-05
2025-12-08T12:22:50.773813 | 50038 | 946CC19AED9D043F | 3.9323629011e-05
2025-12-08T12:22:50.773891 | 50041 | 17ABF4BE4B14EFBE | -1.4819755931e-05
2025-12-08T12:22:50.773921 | 50043 | 14D2F90240C5F23E | 1.7900951376e-05
2025-12-08T12:22:50.773971 | 50049 | CEB546334DEB37BF | -3.6497721455e-04
2025-12-08T12:22:50.773948 | 50048 | E1945A2136A332BF | -2.8438636341e-04
2025-12-08T12:22:50.774307 | 50039 | 002DF470D2F5EE3E | 1.4762993969e-05
2025-12-08T12:22:50.872869 | 50038 | 802D711F65AD073F | 4.5160912059e-05
2025-12-08T12:22:50.873019 | 50044 | 28FCBDC3C72A343F | 3.0772568766e-04
2025-12-08T12:22:50.873716 | 50043 | 2FF4DC47830AE13E | 8.1258133339e-06
2025-12-08T12:22:50.873817 | 50047 | B4BE1E53C53825BF | -1.6190918683e-04
2025-12-08T12:22:50.873956 | 50040 | E6E17C0A6403F0BE | -1.5271420721e-05
2025-12-08T12:22:50.874582 | 50041 | 1F68C73F8CF6F0BE | -1.6177251369e-05
2025-12-08T12:22:50.875483 | 50045 | 5BE6FDCD099D223F | 1.4200920759e-04
2025-12-08T12:22:50.875547 | 50042 | AA494A1B163EF7BE | -2.2165798969e-05
2025-12-08T12:22:50.875581 | 50048 | 782A1EB2E41931BF | -2.6094277757e-04
2025-12-08T12:22:50.875666 | 50046 | 133B484BB971303F | 2.5091909200e-04
2025-12-08T12:22:50.875751 | 50039 | 2698E67786BC073F | 4.5273641251e-05
2025-12-08T12:22:50.875800 | 50049 | 28B1F680CC2025BF | -1.6119476684e-04
2025-12-08T12:22:50.973736 | 50039 | 60A7C2956483B8BE | -1.4611037705e-06
2025-12-08T12:22:50.974032 | 50038 | 2748360836C1013F | 3.3864461353e-05
2025-12-08T12:22:50.974137 | 50044 | 9F5DC89A78832E3F | 2.3279998040e-04
2025-12-08T12:22:50.974264 | 50047 | F0BF9B0950D11ABF | -1.0230113039e-04
2025-12-08T12:22:50.974397 | 50043 | BB6490DA9A05E2BE | -8.5935087828e-06
2025-12-08T12:22:50.974449 | 50041 | E0B0A4C0E3D4D5BE | -5.2050591058e-06
2025-12-08T12:22:50.974513 | 50048 | 51457326198538BF | -3.7414421099e-04
2025-12-08T12:22:50.974671 | 50042 | 0C58F823801604BF | -3.8314614809e-05
2025-12-08T12:22:50.974748 | 50045 | 2A3519C1871B3E3F | 4.5940460504e-04
2025-12-08T12:22:50.975117 | 50046 | 94271A8F7E10383F | 3.6719407863e-04
2025-12-08T12:22:50.975357 | 50049 | 28594C8ED08806BF | -4.2981018657e-05
2025-12-08T12:22:50.975439 | 50040 | BC761CAA803EDC3E | 6.7339302932e-06
2025-12-08T12:22:51.074601 | 50039 | CABF1B0B0301E93E | 1.1922813744e-05
2025-12-08T12:22:51.075950 | 50040 | 3EC69768846FF13E | 1.6627897400e-05
2025-12-08T12:22:51.076024 | 50048 | 122DD6CD3A7D2FBF | -2.4024336646e-04
2025-12-08T12:22:51.076062 | 50042 | 98A74E2FC4F0C1BE | -2.1386734894e-06
2025-12-08T12:22:51.076379 | 50043 | 68E5C5EC2B28FD3E | 2.7806205979e-05
2025-12-08T12:22:51.076645 | 50046 | DC34EE9D499F03BF | -3.7426408873e-05
2025-12-08T12:22:51.076771 | 50045 | 9E1D5069918A263F | 1.7197632829e-04
2025-12-08T12:22:51.076819 | 50044 | 9744346330DC213F | 1.3626185100e-04
2025-12-08T12:22:51.076892 | 50047 | 02A1604CB0E5013F | 3.4136240672e-05
2025-12-08T12:22:51.077053 | 50041 | D6239ECCF957E5BE | -1.0177447979e-05
2025-12-08T12:22:51.076932 | 50038 | 41006152E8E0023F | 3.6007966898e-05
2025-12-08T12:22:51.077975 | 50049 | 761959CCD52635BF | -3.2274932559e-04
2025-12-08T12:22:51.174098 | 50039 | 52EC51196BCFDB3E | 6.6304750322e-06
2025-12-08T12:22:51.174223 | 50045 | 05AD31E5FBCC3C3F | 4.3946409023e-04
2025-12-08T12:22:51.174264 | 50048 | A024D1512CCA2CBF | -2.1964827548e-04
2025-12-08T12:22:51.174306 | 50040 | 4EBAD7A11239D03E | 3.8678504359e-06
2025-12-08T12:22:51.174327 | 50042 | 49F5245FE1ADE5BE | -1.0337457728e-05
2025-12-08T12:22:51.174561 | 50038 | D2496387D1EE093F | 4.9463052095e-05
2025-12-08T12:22:51.174608 | 50041 | A8D6ADB5D6DEFABE | -2.5625671110e-05
2025-12-08T12:22:51.174653 | 50043 | 8FEC356903A1F93E | 2.4441679284e-05
2025-12-08T12:22:51.174696 | 50044 | 6072CE6E8DBACC3E | 3.4247303717e-06
2025-12-08T12:22:51.174739 | 50046 | AEF0E353F12A323F | 2.7721778669e-04
2025-12-08T12:22:51.174790 | 50047 | 5EF650D4A74A20BF | -1.2429522227e-04
2025-12-08T12:22:51.174842 | 50049 | 2B1C345A4A4F1FBF | -1.1943713485e-04
2025-12-08T12:22:51.275432 | 50038 | 5B60DE5FE3F9FD3E | 2.8587461194e-05
2025-12-08T12:22:51.277571 | 50048 | C481B72C660C21BF | -1.3006922960e-04
2025-12-08T12:22:51.277658 | 50044 | 806B33E874EB223F | 1.4434625709e-04
2025-12-08T12:22:51.281429 | 50045 | D4378C66368D3A3F | 4.0514543666e-04
2025-12-08T12:22:51.281558 | 50042 | 40DC0E0D2907F1BE | -1.6239137782e-05
2025-12-08T12:22:51.282909 | 50040 | 60ED00283E5DF03E | 1.5606145553e-05
2025-12-08T12:22:51.282967 | 50039 | 44F6390232CCDF3E | 7.5811476879e-06
2025-12-08T12:22:51.283016 | 50049 | 90C9E6692232E53E | 1.0106962972e-05
2025-12-08T12:22:51.283193 | 50043 | 8C2800E5E873B8BE | -1.4574988150e-06
2025-12-08T12:22:51.283338 | 50046 | 44D54ADD8B020D3F | 5.5332082103e-05
2025-12-08T12:22:51.283436 | 50047 | 2280A76E948132BF | -2.8238176188e-04
2025-12-08T12:22:51.284260 | 50041 | F3238925328D01BF | -3.3476918081e-05
2025-12-08T12:22:51.378778 | 50039 | 2CF4C6FBC6FDF93E | 2.4787251947e-05
2025-12-08T12:22:51.379021 | 50038 | EC392583988FFC3E | 2.7237816718e-05
2025-12-08T12:22:51.379103 | 50043 | C95EE978E0DCFC3E | 2.7525711227e-05
2025-12-08T12:22:51.382150 | 50044 | 14C13FC572C7303F | 2.5602867140e-04
2025-12-08T12:22:51.382256 | 50048 | 4C94AFDB7DF53FBF | -4.8765490254e-04
2025-12-08T12:22:51.382294 | 50049 | DA93BD3F54852DBF | -2.2522595816e-04
2025-12-08T12:22:51.382480 | 50042 | 88804F16B45BC3BE | -2.3076792552e-06
2025-12-08T12:22:51.383338 | 50047 | 31C1BB81B39731BF | -2.6844151010e-04
2025-12-08T12:22:51.383468 | 50045 | 16B1987D7FC12E3F | 2.3464852602e-04
2025-12-08T12:22:51.383734 | 50041 | 6AEE96C305F0FEBE | -2.9504383041e-05
2025-12-08T12:22:51.383945 | 50040 | 34BC4733D4C5EB3E | 1.3243088326e-05
2025-12-08T12:22:51.384133 | 50046 | A898CAA4ADB5303F | 2.5496949528e-04
2025-12-08T12:22:51.479042 | 50041 | 8E814D673F54FDBE | -2.7970402204e-05
2025-12-08T12:22:51.479120 | 50045 | 3883B4923ACA113F | 6.7863297478e-05
2025-12-08T12:22:51.479233 | 50038 | 14A0C3EC1D550A3F | 5.0225234732e-05
2025-12-08T12:22:51.479275 | 50048 | F41CFD284DF61BBF | -1.0666700314e-04
2025-12-08T12:22:51.479461 | 50049 | 47A6EACD84A325BF | -1.6509052417e-04
2025-12-08T12:22:51.479543 | 50043 | 905A3DB25847BCBE | -1.6855416982e-06
2025-12-08T12:22:51.479588 | 50040 | 3BF9D05660F8E4BE | -9.9993801205e-06
2025-12-08T12:22:51.479647 | 50044 | DA3F3418A52C203F | 1.2340083422e-04
2025-12-08T12:22:51.479713 | 50046 | 0E00748A7D233A3F | 3.9884390794e-04
2025-12-08T12:22:51.479975 | 50047 | 3AECB3EB96AC0A3F | 5.0876956687e-05
2025-12-08T12:22:51.480041 | 50042 | EA2E43621FEDF5BE | -2.0910511140e-05
2025-12-08T12:22:51.480507 | 50039 | F05612C26C96F63E | 2.1541211144e-05
2025-12-08T12:22:51.579403 | 50039 | 98DF0D1D7E39D0BE | -3.8682414506e-06
2025-12-08T12:22:51.579539 | 50043 | 903E04F7F10AE33E | 9.0802929838e-06
2025-12-08T12:22:51.579619 | 50046 | 343647AE53D507BF | -4.5458427653e-05
2025-12-08T12:22:51.579689 | 50038 | 8459216DFDB4F53E | 2.0701400736e-05
2025-12-08T12:22:51.579844 | 50049 | D03B7697EF61E9BE | -1.2103348793e-05
2025-12-08T12:22:51.579899 | 50045 | EDD6C80FF4DB373F | 3.6406239068e-04
2025-12-08T12:22:51.580106 | 50048 | 20D5111D7B5420BF | -1.2458803988e-04
2025-12-08T12:22:51.580166 | 50040 | CF1ECAA52B47E7BE | -1.1099820022e-05
2025-12-08T12:22:51.580364 | 50041 | 2A5C5BC6AD40E2BE | -8.7035425155e-06
2025-12-08T12:22:51.580557 | 50042 | DC1330CFAC21DBBE | -6.4686639574e-06
2025-12-08T12:22:51.580627 | 50044 | A03072A342AC11BF | -6.7416732110e-05
2025-12-08T12:22:51.580752 | 50047 | 2AEB139BA01C2EBF | -2.2973499794e-04
2025-12-08T12:22:51.679467 | 50039 | 52564A5A91BD043F | 3.9559362709e-05
2025-12-08T12:22:51.679737 | 50046 | 27F5958C9D1D173F | 8.8179341352e-05
2025-12-08T12:22:51.680934 | 50047 | CC8445020E8335BF | -3.2824604047e-04
2025-12-08T12:22:51.681222 | 50042 | 18319E32867FF5BE | -2.0502225346e-05
2025-12-08T12:22:51.681335 | 50043 | 1C822002F951F4BE | -1.9378858390e-05
2025-12-08T12:22:51.681418 | 50041 | EE06D315A40205BF | -4.0073997960e-05
2025-12-08T12:22:51.681580 | 50049 | A888336268430FBF | -5.9630034480e-05
2025-12-08T12:22:51.681759 | 50044 | 68591FE483A2133F | 7.4900913233e-05
2025-12-08T12:22:51.681861 | 50040 | 98B3FA9BBE55F4BE | -1.9392909734e-05
2025-12-08T12:22:51.681943 | 50045 | 698A4280908B3F3F | 4.8134115083e-04
2025-12-08T12:22:51.682003 | 50038 | 5C050BC640E6F53E | 2.0884919993e-05
2025-12-08T12:22:51.681906 | 50048 | 88F900B785D015BF | -8.3215867336e-05
2025-12-08T12:22:51.780235 | 50046 | 4A8A107445913A3F | 4.0538735999e-04
2025-12-08T12:22:51.780321 | 50038 | 9C09891F49F5083F | 4.7603887599e-05
2025-12-08T12:22:51.780377 | 50039 | B2DA6865BFC3023F | 3.5790708968e-05
2025-12-08T12:22:51.781847 | 50041 | F87FB4058A1608BF | -4.5944296938e-05
2025-12-08T12:22:51.781976 | 50044 | BA0CA58B65041B3F | 1.0306234154e-04
2025-12-08T12:22:51.782063 | 50047 | 5A046AA5AA9428BF | -1.8753607829e-04
2025-12-08T12:22:51.782360 | 50049 | 347719ABC1F203BF | -3.8048301019e-05
2025-12-08T12:22:51.782707 | 50045 | 34945381B558103F | 6.2357023427e-05
2025-12-08T12:22:51.782780 | 50040 | A4C7E7FC9D1BE1BE | -8.1576726218e-06
2025-12-08T12:22:51.782845 | 50048 | 8E5B2017B7DF3EBF | -4.7109813670e-04
2025-12-08T12:22:51.782975 | 50042 | AC60C57A564DDFBE | -7.4630024013e-06
2025-12-08T12:22:51.783053 | 50043 | 300E9F823F9EE0BE | -7.9241545626e-06
2025-12-08T12:22:51.881261 | 50038 | F894A656BAFEE43E | 1.0011210823e-05
2025-12-08T12:22:51.881320 | 50046 | DA7EB5AB5F943A3F | 4.0557227813e-04
2025-12-08T12:22:51.881359 | 50047 | 9AF85269FF6430BF | -2.5016055708e-04
2025-12-08T12:22:51.881396 | 50039 | B069AD4AEB20BCBE | -1.6765946309e-06
2025-12-08T12:22:51.881470 | 50049 | B09561BD23DB0ABF | -5.1223781768e-05
2025-12-08T12:22:51.881566 | 50045 | 0014E888F8222C3F | 2.1466525909e-04
2025-12-08T12:22:51.882426 | 50044 | 1E1453C465E1303F | 2.5757536453e-04
2025-12-08T12:22:51.882489 | 50048 | AC549FB2422113BF | -7.2974868686e-05
2025-12-08T12:22:51.883323 | 50042 | A572ED940F5DF3BE | -1.8466490754e-05
2025-12-08T12:22:51.883462 | 50041 | DA58304B8008ECBE | -1.3367275050e-05
2025-12-08T12:22:51.883707 | 50040 | 4842169C4E80CC3E | 3.3976077424e-06
2025-12-08T12:22:51.883758 | 50043 | 999672B9B92EF03E | 1.5432855062e-05
2025-12-08T12:22:51.981516 | 50040 | E0F3EB443FBDE1BE | -8.4587319669e-06
2025-12-08T12:22:51.981945 | 50041 | CF76171E0D54F4BE | -1.9386601599e-05
2025-12-08T12:22:51.982413 | 50046 | C1EE3B6E2755373F | 3.5602772390e-04
2025-12-08T12:22:51.982584 | 50048 | 53BD11B2B8F837BF | -3.6577710313e-04
2025-12-08T12:22:51.982688 | 50049 | B879308451E8F63E | 2.1846288529e-05
2025-12-08T12:22:51.983025 | 50043 | 3D0E1EAA0AA3E03E | 7.9330832852e-06
2025-12-08T12:22:51.983124 | 50038 | 2CE6DBDAC649093F | 4.8233395644e-05
2025-12-08T12:22:51.983192 | 50047 | 1500A2611AAD33BF | -3.0023473813e-04
2025-12-08T12:22:51.983341 | 50039 | CA27BFA2F79C013F | 3.3594424479e-05
2025-12-08T12:22:51.983595 | 50045 | 98A20F797485103F | 6.3023790304e-05
2025-12-08T12:22:51.983826 | 50044 | A47AF80E39C61C3F | 1.0976527459e-04
2025-12-08T12:22:51.983893 | 50042 | 67C453BFFBB603BF | -3.7602956505e-05
2025-12-08T12:22:52.082164 | 50038 | 20DDCB8FE1C5EB3E | 1.3243185543e-05
2025-12-08T12:22:52.082435 | 50040 | 72A4D439E34BE53E | 1.0154931994e-05
2025-12-08T12:22:52.082553 | 50039 | B84714DA8239CEBE | -3.6030593981e-06
2025-12-08T12:22:52.082646 | 50045 | FC77FDFDE6A31A3F | 1.0162446369e-04
2025-12-08T12:22:52.082810 | 50044 | 809807F28E4C293F | 1.9301648082e-04
2025-12-08T12:22:52.084797 | 50047 | 77D9A14EBD1434BF | -3.0641195065e-04
2025-12-08T12:22:52.084925 | 50049 | D0B4D949F08813BF | -7.4519792599e-05
2025-12-08T12:22:52.085151 | 50043 | 3BC3DD83F090E03E | 7.8993654104e-06
2025-12-08T12:22:52.085258 | 50048 | 0F0AF182067E41BF | -5.3382223076e-04
2025-12-08T12:22:52.085521 | 50041 | 5B2BEAC7A12C06BF | -4.2294203913e-05
2025-12-08T12:22:52.085580 | 50046 | C4CC96CBE7583C3F | 4.3254527153e-04
2025-12-08T12:22:52.085902 | 50042 | 804FA7954820B83E | 1.4380280705e-06
2025-12-08T12:22:52.182345 | 50038 | 441ACB079210DB3E | 6.4527340526e-06
2025-12-08T12:22:52.183061 | 50039 | 803CFD4A71A0053F | 4.1249711443e-05
2025-12-08T12:22:52.183353 | 50048 | F2DCDEC8037B18BF | -9.3385797498e-05
2025-12-08T12:22:52.183517 | 50042 | 6E60EA5415F1FBBE | -2.6647311922e-05
2025-12-08T12:22:52.183588 | 50047 | BBDC2741B28529BF | -1.9471932372e-04
2025-12-08T12:22:52.183659 | 50041 | B82F83A5365EE3BE | -9.2353922557e-06
2025-12-08T12:22:52.183796 | 50044 | 72CE4FBDD46E053F | 4.0880076689e-05
2025-12-08T12:22:52.184063 | 50046 | 4653EAB5CDA8363F | 3.4575483543e-04
2025-12-08T12:22:52.184135 | 50040 | EF9AB6B682CD00BF | -3.2048751417e-05
2025-12-08T12:22:52.184303 | 50043 | C3AEF1930AF2F0BE | -1.6160463244e-05
2025-12-08T12:22:52.184670 | 50045 | 4C643A31F5441C3F | 1.0783907447e-04
2025-12-08T12:22:52.184861 | 50049 | 48E34686B5C624BF | -1.5850988269e-04
2025-12-08T12:22:52.283489 | 50045 | 7D9E2D07CD6D263F | 1.7111900123e-04
2025-12-08T12:22:52.283795 | 50049 | 3E0792481BEE27BF | -1.8257220316e-04
2025-12-08T12:22:52.283948 | 50041 | 6D14359C031306BF | -4.2103336023e-05
2025-12-08T12:22:52.284256 | 50039 | 6B3DBAF0A0F3013F | 3.4240101823e-05
2025-12-08T12:22:52.284354 | 50042 | 3033DC29D3EFB3BE | -1.1883268267e-06
2025-12-08T12:22:52.284501 | 50047 | A1E7B2E841AE22BF | -1.4252237847e-04
2025-12-08T12:22:52.285128 | 50046 | CA3624979E25273F | 1.7659722250e-04
2025-12-08T12:22:52.285230 | 50040 | 353A4DBFA8F8E13E | 8.5693954845e-06
2025-12-08T12:22:52.285280 | 50044 | E49B57F55BA4173F | 9.0187180227e-05
2025-12-08T12:22:52.285527 | 50043 | E7421768B769E43E | 9.7336553634e-06
2025-12-08T12:22:52.285573 | 50048 | 67FA4A9D584F3ABF | -4.0145791472e-04
2025-12-08T12:22:52.285725 | 50038 | 9A0F4DACB116E03E | 7.6716654661e-06
2025-12-08T12:22:52.385058 | 50043 | E0B6BAA6BC82F23E | 1.7653170672e-05
2025-12-08T12:22:52.385179 | 50047 | 240BD762231A22BF | -1.3810808143e-04
2025-12-08T12:22:52.385619 | 50041 | 026C46B841BCF1BE | -1.6913774304e-05
2025-12-08T12:22:52.385685 | 50048 | 560CD33A99432CBF | -2.1563764077e-04
2025-12-08T12:22:52.385738 | 50039 | 6E0566C24F81FB3E | 2.6230929643e-05
2025-12-08T12:22:52.387807 | 50042 | 3D35A8E402C4FEBE | -2.9340428492e-05
2025-12-08T12:22:52.387909 | 50044 | 8E5BCD26A60F273F | 1.7594245164e-04
2025-12-08T12:22:52.388003 | 50038 | 8CE772BB25FDDF3E | 7.6267378326e-06
2025-12-08T12:22:52.388809 | 50046 | E04FA250DF47F43E | 1.9341231600e-05
2025-12-08T12:22:52.389471 | 50049 | 80DF79B16C52E2BE | -8.7365965975e-06
2025-12-08T12:22:52.389597 | 50045 | E92B07A5A13F2D3F | 2.2314880563e-04
2025-12-08T12:22:52.390173 | 50040 | F3AAA8AAF1B300BF | -3.1858265477e-05
2025-12-08T12:22:52.484181 | 50038 | DE63A418D5AEFE3E | 2.9261530963e-05
2025-12-08T12:22:52.484672 | 50042 | 6C5ACF98EFF800BF | -3.2372295301e-05
2025-12-08T12:22:52.484923 | 50041 | 228BE5DAABC401BF | -3.3890242195e-05
2025-12-08T12:22:52.485085 | 50039 | 7826FCD1EEF4013F | 3.4249819008e-05
2025-12-08T12:22:52.485383 | 50045 | 1BFAB253E362383F | 3.7210512137e-04
2025-12-08T12:22:52.485446 | 50044 | 2865088F4CE1F5BE | -2.0866465038e-05
2025-12-08T12:22:52.485529 | 50049 | 845F6AFFA68C0BBF | -5.2546354643e-05
2025-12-08T12:22:52.485715 | 50043 | 10EAFAA25225CFBE | -3.7128677589e-06
2025-12-08T12:22:52.485955 | 50048 | E19ED61E40EB34BF | -3.1919780198e-04
2025-12-08T12:22:52.486952 | 50046 | 58C46CDA2D6D373F | 3.5745973075e-04
2025-12-08T12:22:52.486983 | 50047 | 550C424C308531BF | -2.6733807704e-04
2025-12-08T12:22:52.487024 | 50040 | 34D09BB773BDFABE | -2.5501296000e-05
2025-12-08T12:22:52.584579 | 50038 | 6C9F5DEBA975EE3E | 1.4524280555e-05
2025-12-08T12:22:52.584727 | 50039 | 5E4D6A8B6B91F73E | 2.2476241350e-05
2025-12-08T12:22:52.585456 | 50047 | D1231980776F23BF | -1.4828046555e-04
2025-12-08T12:22:52.585554 | 50040 | 522C9EC465F0FBBE | -2.6644757134e-05
2025-12-08T12:22:52.585679 | 50049 | C5CB8A48F33337BF | -3.5404862914e-04
2025-12-08T12:22:52.585793 | 50042 | 70D2C2A8786CDFBE | -7.4919977459e-06
2025-12-08T12:22:52.585886 | 50043 | 701FD0074995FC3E | 2.7259011848e-05
2025-12-08T12:22:52.585943 | 50048 | 924F334825BA3CBF | -4.3834123808e-04
2025-12-08T12:22:52.586093 | 50045 | 76BED5D827B7413F | 5.4063268332e-04
2025-12-08T12:22:52.586484 | 50046 | 28859E97FBEB11BF | -6.8366270993e-05
2025-12-08T12:22:52.586904 | 50044 | C389FE18CA5E143F | 7.7706418095e-05
2025-12-08T12:22:52.586982 | 50041 | 6445AD1F10B50ABF | -5.0940088804e-05
2025-12-08T12:22:52.686084 | 50043 | CA64AF4F0213F53E | 2.0097974794e-05
2025-12-08T12:22:52.686315 | 50046 | ECF42864ADF3293F | 1.9799701302e-04
2025-12-08T12:22:52.686412 | 50045 | D8CE92E9109A253F | 1.6480881167e-04
2025-12-08T12:22:52.686477 | 50038 | 0DA052EB2F46F23E | 1.7427605333e-05
2025-12-08T12:22:52.686852 | 50044 | 881A8DA33A05333F | 2.9022866834e-04
2025-12-08T12:22:52.687022 | 50048 | BC37A2E7BFAE40BF | -5.0911302903e-04
2025-12-08T12:22:52.687228 | 50049 | 889300DEAEC734BF | -3.1707782000e-04
2025-12-08T12:22:52.687371 | 50039 | 8ADAE83E4D75E93E | 1.2139420474e-05
2025-12-08T12:22:52.687414 | 50040 | 8681FC75D10BD83E | 5.7330524610e-06
2025-12-08T12:22:52.687511 | 50042 | 199DE28E21DAF6BE | -2.1793436581e-05
2025-12-08T12:22:52.687801 | 50041 | 96769F05A35EEBBE | -1.3050878056e-05
2025-12-08T12:22:52.687908 | 50047 | F1D1ABE3077A153F | 8.1927043464e-05
2025-12-08T12:22:52.786546 | 50041 | D662EE4D65EDFCBE | -2.7587248833e-05
2025-12-08T12:22:52.786692 | 50043 | 088085076B7AFD3E | 2.8112598075e-05
2025-12-08T12:22:52.786831 | 50038 | 3097756893C0FF3E | 3.0281304615e-05
2025-12-08T12:22:52.787011 | 50046 | C0284C193D32303F | 2.4713508292e-04
2025-12-08T12:22:52.787149 | 50047 | DA46BEBB7BEB20BF | -1.2908826272e-04
2025-12-08T12:22:52.787304 | 50042 | 4D4E0A89B5E6FCBE | -2.7562339315e-05
2025-12-08T12:22:52.787455 | 50044 | 8AA9EAAD772E343F | 3.0794545993e-04
2025-12-08T12:22:52.787968 | 50049 | 51DD7299490F35BF | -3.2134577618e-04
2025-12-08T12:22:52.787995 | 50048 | 8391A3069E1441BF | -5.2125660048e-04
2025-12-08T12:22:52.788096 | 50039 | 4CC8748C60A4FA3E | 2.5407884803e-05
2025-12-08T12:22:52.788171 | 50045 | E1A580C3B990403F | 5.0553389065e-04
2025-12-08T12:22:52.788321 | 50040 | 721857E35D8100BF | -3.1481435524e-05
2025-12-08T12:22:52.887139 | 50038 | E476AEDD4228093F | 4.7983685099e-05
2025-12-08T12:22:52.887246 | 50039 | 6423373C8746F23E | 1.7428875948e-05
2025-12-08T12:22:52.887664 | 50044 | B8BB2C3D630EF03E | 1.5312387244e-05
2025-12-08T12:22:52.887715 | 50046 | 579EBA223347153F | 8.1169601510e-05
2025-12-08T12:22:52.887792 | 50048 | 6ABD624F121F39BF | -3.8332173370e-04
2025-12-08T12:22:52.888096 | 50047 | 6E55F53A1D961D3F | 1.1286309631e-04
2025-12-08T12:22:52.888992 | 50049 | 84A7C2E8191009BF | -4.7803679167e-05
2025-12-08T12:22:52.889204 | 50045 | DDFE2F53DF23263F | 1.6891575942e-04
2025-12-08T12:22:52.889371 | 50042 | 862F7B5D1804DEBE | -7.1563713033e-06
2025-12-08T12:22:52.889416 | 50043 | F3FF3C95CE89E3BE | -9.3165914802e-06
2025-12-08T12:22:52.889470 | 50041 | 8CFEF642038EE7BE | -1.1231773981e-05
2025-12-08T12:22:52.889955 | 50040 | 351E10C6476DF2BE | -1.7573238782e-05
2025-12-08T12:22:52.987577 | 50038 | 8C51C3ECF5BD003F | 3.1932895213e-05
2025-12-08T12:22:52.988246 | 50039 | 0EEC51BEB436FE3E | 2.8814025331e-05
2025-12-08T12:22:52.988547 | 50048 | 58DC9923CA0208BF | -4.5797151370e-05
2025-12-08T12:22:52.988644 | 50045 | E61DA1F27EF4233F | 1.5224504142e-04
2025-12-08T12:22:52.988714 | 50046 | AE755F28F4713B3F | 4.1877947694e-04
2025-12-08T12:22:52.988819 | 50044 | 10902D1213F6EBBE | -1.3332952738e-05
2025-12-08T12:22:52.988865 | 50040 | BEF01C86F783F4BE | -1.9565101304e-05
2025-12-08T12:22:52.988906 | 50042 | DC2801AD0808D8BE | -5.7295280414e-06
2025-12-08T12:22:52.989056 | 50047 | 9AFBA9A330AE31BF | -2.6978194698e-04
2025-12-08T12:22:52.989422 | 50041 | 39ADBAF3155AF9BE | -2.4177453482e-05
2025-12-08T12:22:52.989583 | 50049 | 60842615FD71E3BE | -9.2722263261e-06
2025-12-08T12:22:52.989916 | 50043 | 7C6C03FCE22AD1BE | -4.0930571574e-06
2025-12-08T12:22:53.088074 | 50038 | 381B879C9F84DB3E | 6.5608168786e-06
2025-12-08T12:22:53.088191 | 50039 | 14FE3200BC36F03E | 1.5462690510e-05
2025-12-08T12:22:53.088654 | 50041 | 7685FC468AD009BF | -4.9237460983e-05
2025-12-08T12:22:53.088753 | 50047 | 6278FEF4576E20BF | -1.2535880751e-04
2025-12-08T12:22:53.088993 | 50040 | 85CDAC3B3E8DE03E | 7.8924803027e-06
2025-12-08T12:22:53.089134 | 50049 | 30D121ABDABB35BF | -3.3163155161e-04
2025-12-08T12:22:53.089266 | 50044 | 4AEB84F9CD2115BF | -8.0612370202e-05
2025-12-08T12:22:53.089340 | 50043 | 38E219A3150EC53E | 2.5099536963e-06
2025-12-08T12:22:53.089391 | 50045 | 1ECE7953B5EF2E3F | 2.3602570012e-04
2025-12-08T12:22:53.089708 | 50048 | 96ADA53D502213BF | -7.2990558157e-05
2025-12-08T12:22:53.089872 | 50042 | 19610777C28706BF | -4.2973157978e-05
2025-12-08T12:22:53.089910 | 50046 | 988F0F5C05C6063F | 4.3437040865e-05
2025-12-08T12:22:53.188623 | 50038 | 891BAC30C85A003F | 3.1193956678e-05
2025-12-08T12:22:53.189011 | 50039 | E89123DDE959CDBE | -3.4989386474e-06
2025-12-08T12:22:53.189454 | 50049 | B6FD8B2584663DBF | -4.4861532437e-04
2025-12-08T12:22:53.189681 | 50040 | 1C45AD77B35A01BF | -3.3100702203e-05
2025-12-08T12:22:53.189727 | 50042 | 2C7A758A06DAD4BE | -4.9714236988e-06
2025-12-08T12:22:53.189905 | 50045 | 360D40116997323F | 2.8368296739e-04
2025-12-08T12:22:53.189978 | 50047 | 50EC335CA44EF2BE | -1.7459102094e-05
2025-12-08T12:22:53.190033 | 50048 | AC79D6E2FB1A33BF | -2.9152535975e-04
2025-12-08T12:22:53.190306 | 50043 | 8E2B0096B00DE5BE | -1.0039079541e-05
2025-12-08T12:22:53.190346 | 50041 | 502282855584FABE | -2.5288515048e-05
2025-12-08T12:22:53.190429 | 50046 | 422B16D32D662D3F | 2.2429761297e-04
2025-12-08T12:22:53.190827 | 50044 | C4132ED9379A323F | 2.8385032163e-04
2025-12-08T12:22:53.288880 | 50041 | F3299FE0641407BF | -4.4020966086e-05
2025-12-08T12:22:53.289310 | 50043 | 67C4DE1957FBE9BE | -1.2389086631e-05
2025-12-08T12:22:53.289475 | 50048 | FE75290C0EBE1DBF | -1.1345825900e-04
2025-12-08T12:22:53.289615 | 50046 | 0070EC618F0378BE | -8.9458773261e-08
2025-12-08T12:22:53.289937 | 50038 | 107978AAD19D083F | 4.6952210422e-05
2025-12-08T12:22:53.290289 | 50040 | 9D9BE299D827DCBE | -6.7128297855e-06
2025-12-08T12:22:53.290378 | 50047 | 595599AEC84925BF | -1.6241621715e-04
2025-12-08T12:22:53.290454 | 50042 | F0502994CEB3C43E | 2.4679149260e-06
2025-12-08T12:22:53.290702 | 50049 | CB1C3E642EAF29BF | -1.9595567039e-04
2025-12-08T12:22:53.293096 | 50045 | 7114B236BAF33D3F | 4.5703216774e-04
2025-12-08T12:22:53.293202 | 50039 | 55B37861D2F1E4BE | -9.9871713664e-06
2025-12-08T12:22:53.293415 | 50044 | 9FFBE185B635173F | 8.8538422888e-05
2025-12-08T12:22:53.389424 | 50038 | BF67ECA7405EF33E | 1.8470930168e-05
2025-12-08T12:22:53.390230 | 50044 | 1CB4954A8961313F | 2.6521303024e-04
2025-12-08T12:22:53.391711 | 50039 | 1D8D64521702033F | 3.6255203940e-05
2025-12-08T12:22:53.391793 | 50048 | 53AC2BAB659B41BF | -5.3732361115e-04
2025-12-08T12:22:53.390601 | 50049 | F916FA4E065434BF | -3.1018404022e-04
2025-12-08T12:22:53.390640 | 50045 | 433F100548FA403F | 5.1811710921e-04
2025-12-08T12:22:53.390576 | 50046 | 46B004695ABB233F | 1.5054205552e-04
2025-12-08T12:22:53.392843 | 50043 | 4000209A8B5EFD3E | 2.8008763941e-05
2025-12-08T12:22:53.393148 | 50047 | 008CF6C7FF3520BF | -1.2367961243e-04
2025-12-08T12:22:53.393463 | 50042 | B8D8CC2D4877CF3E | 3.7510329619e-06
2025-12-08T12:22:53.393804 | 50041 | B76EB5C25F9107BF | -4.4952139741e-05
2025-12-08T12:22:53.394278 | 50040 | 9C4D29AD79B5F6BE | -2.1656883130e-05
2025-12-08T12:22:53.490048 | 50038 | 9A9BB3E564570B3F | 5.2149550095e-05
2025-12-08T12:22:53.490186 | 50039 | C2427AEE9AA1E43E | 9.8377563085e-06
2025-12-08T12:22:53.492788 | 50041 | 7E6CB606EB5EF4BE | -1.9427083698e-05
2025-12-08T12:22:53.493497 | 50042 | 1D3B70C04C13F9BE | -2.3913755310e-05
2025-12-08T12:22:53.493778 | 50045 | 174A35142C56263F | 1.7041481088e-04
2025-12-08T12:22:53.493873 | 50049 | BCEB7A644A7627BF | -1.7900140869e-04
2025-12-08T12:22:53.493980 | 50047 | 4917FA488C4623BF | -1.4706098999e-04
2025-12-08T12:22:53.494066 | 50040 | 6CEB4BCA8D4904BF | -3.8694991678e-05
2025-12-08T12:22:53.494226 | 50043 | 1613EB1FBCC1DABE | -6.3793127071e-06
2025-12-08T12:22:53.494315 | 50044 | 77BC44A18F0B163F | 8.4095612981e-05
2025-12-08T12:22:53.494460 | 50046 | 000D7E6EF045EBBE | -1.3004875157e-05
2025-12-08T12:22:53.494540 | 50048 | 42B3715251C21CBF | -1.0970708228e-04
2025-12-08T12:22:53.591484 | 50038 | 894B809AEF30003F | 3.0882179374e-05
2025-12-08T12:22:53.591672 | 50039 | F56CF414AF6D023F | 3.5149484228e-05
2025-12-08T12:22:53.591705 | 50041 | 16DBF3D175CEFFBE | -3.0333028119e-05
2025-12-08T12:22:53.591802 | 50042 | D3D90EDC227DF3BE | -1.8585980573e-05
2025-12-08T12:22:53.592140 | 50049 | 0BDF6DE471A22CBF | -2.1846428191e-04
2025-12-08T12:22:53.592309 | 50046 | 92056BE53B24333F | 2.9207670506e-04
2025-12-08T12:22:53.592352 | 50047 | 85AB0AB59CDC31BF | -2.7254892215e-04
2025-12-08T12:22:53.592391 | 50040 | 4479FC86D9EBC43E | 2.4940118734e-06
2025-12-08T12:22:53.592717 | 50044 | C2E83ADB74B1373F | 3.6152937831e-04
2025-12-08T12:22:53.592790 | 50045 | C17BE6983B88303F | 2.5226073276e-04
2025-12-08T12:22:53.593069 | 50043 | 173CE6FCCA38023F | 3.4755415629e-05
2025-12-08T12:22:53.593517 | 50048 | 69919012873132BF | -2.7761027974e-04
2025-12-08T12:22:53.691889 | 50042 | 02996D79F61D05BF | -4.0277561473e-05
2025-12-08T12:22:53.692192 | 50043 | 320BF18B5255EB3E | 1.3033528715e-05
2025-12-08T12:22:53.692407 | 50040 | 24BA7535A25EEDBE | -1.4004546456e-05
2025-12-08T12:22:53.692625 | 50045 | 2CC1E3148F3C3D3F | 4.4611447528e-04
2025-12-08T12:22:53.692747 | 50048 | A07F31B103B735BF | -3.3134307995e-04
2025-12-08T12:22:53.692885 | 50039 | 9BCE162E3D1DF13E | 1.6321387084e-05
2025-12-08T12:22:53.692972 | 50046 | 7D245DFC7A82153F | 8.2052952249e-05
2025-12-08T12:22:53.693057 | 50038 | B8916E072DC5E63E | 1.0857686204e-05
2025-12-08T12:22:53.693150 | 50044 | 2CB305C5DC632A3F | 2.0134038870e-04
2025-12-08T12:22:53.693291 | 50041 | 9A368667402608BF | -4.6061363665e-05
2025-12-08T12:22:53.693456 | 50049 | 29FFE786868D31BF | -2.6783499098e-04
2025-12-08T12:22:53.694344 | 50047 | F8A743C0D3F6F3BE | -1.9039314808e-05
2025-12-08T12:22:53.791972 | 50038 | 07840571986B083F | 4.6578015943e-05
2025-12-08T12:22:53.792640 | 50040 | 6BDF10E39C2C00BF | -3.0849969683e-05
2025-12-08T12:22:53.792751 | 50039 | DA98E6891229E6BE | -1.0566920818e-05
2025-12-08T12:22:53.792810 | 50041 | 219E2B4D3D3808BF | -4.6195383808e-05
2025-12-08T12:22:53.792882 | 50042 | 503FF12E1D34D3BE | -4.5784879453e-06
2025-12-08T12:22:53.793115 | 50047 | 38485093ECEEF33E | 1.9009873729e-05
2025-12-08T12:22:53.793161 | 50045 | A6F53E9D9DF0413F | 5.4748245247e-04
2025-12-08T12:22:53.793358 | 50043 | 20D063A6D61C023F | 3.4547138783e-05
2025-12-08T12:22:53.793725 | 50046 | 30060383422C183F | 9.2212256962e-05
2025-12-08T12:22:53.794083 | 50049 | 474D724995422BBF | -2.0797798490e-04
2025-12-08T12:22:53.794157 | 50044 | 857C4E4451E1303F | 2.5757059148e-04
2025-12-08T12:22:53.794405 | 50048 | 51ECEB08CAA123BF | -1.4978018995e-04
2025-12-08T12:22:53.892430 | 50043 | 8016E299FFF5F73E | 2.2850924886e-05
2025-12-08T12:22:53.892527 | 50045 | C2878D9ED1F82F3F | 2.4392660932e-04
2025-12-08T12:22:53.893103 | 50038 | 304ABADF7F70D63E | 5.3499820713e-06
2025-12-08T12:22:53.893273 | 50047 | 600D7336CE8AEDBE | -1.4086823013e-05
2025-12-08T12:22:53.893396 | 50044 | 68AB993BC97F13BF | -7.4383408810e-05
2025-12-08T12:22:53.893530 | 50040 | F685384E4D52E03E | 7.7826939054e-06
2025-12-08T12:22:53.894392 | 50048 | 6132D4D613F63BBF | -4.2665466647e-04
2025-12-08T12:22:53.894437 | 50042 | F8D60728F263FDBE | -2.8028882754e-05
2025-12-08T12:22:53.894586 | 50049 | 325E731660D410BF | -6.4199795463e-05
2025-12-08T12:22:53.894646 | 50039 | 40FD974B08C8943E | 3.0966664219e-07
2025-12-08T12:22:53.894716 | 50046 | 0A5F514F3115323F | 2.7592138151e-04
2025-12-08T12:22:53.895321 | 50041 | A80C3D0EDBB505BF | -4.1409251735e-05
2025-12-08T12:22:53.993393 | 50040 | EA39A67F733AFFBE | -2.9781651372e-05
2025-12-08T12:22:53.993531 | 50049 | F471A4AAE2D101BF | -3.3988694968e-05
2025-12-08T12:22:53.995021 | 50041 | 8C675FDAD012DEBE | -7.1700809822e-06
2025-12-08T12:22:53.995380 | 50047 | D846F2B291532DBF | -2.2374299576e-04
2025-12-08T12:22:53.995523 | 50044 | 7A3B083710C4393F | 3.9315601228e-04
2025-12-08T12:22:53.995846 | 50046 | C0C15CEC9E2BC6BE | -2.6429168853e-06
2025-12-08T12:22:53.998509 | 50048 | 8757F50CDC6135BF | -3.2626745538e-04
2025-12-08T12:22:53.998856 | 50039 | 1E303E27B656E3BE | -9.2214188283e-06
2025-12-08T12:22:53.999318 | 50038 | 61693EE51288043F | 3.9160801548e-05
2025-12-08T12:22:53.999548 | 50045 | 9BDB6A94136B303F | 2.5052288076e-04
2025-12-08T12:22:53.999619 | 50043 | 8037F0F00133023F | 3.4712311496e-05
2025-12-08T12:22:53.999661 | 50042 | E526540E5A93FABE | -2.5344460387e-05
2025-12-08T12:22:54.094014 | 50040 | 1EC038519B3901BF | -3.2854130179e-05
2025-12-08T12:22:54.094549 | 50041 | 87BF710BE06DF8BE | -2.3297500516e-05
2025-12-08T12:22:54.094679 | 50045 | ECD4A028676A273F | 1.7864712965e-04
2025-12-08T12:22:54.095016 | 50049 | FEF165A4657736BF | -3.4280997752e-04
2025-12-08T12:22:54.095188 | 50046 | 4DADC6391A973A3F | 4.0573492313e-04
2025-12-08T12:22:54.095238 | 50042 | EC46104DA040D23E | 4.3517222404e-06
2025-12-08T12:22:54.095355 | 50048 | 304F17DB28073BBF | -4.1241404969e-04
2025-12-08T12:22:54.095433 | 50039 | 84C56214715B013F | 3.3106220643e-05
2025-12-08T12:22:54.095682 | 50038 | 6CF34F812BD2DB3E | 6.6330376471e-06
2025-12-08T12:22:54.095925 | 50047 | CAD904E963E227BF | -1.8222303016e-04
2025-12-08T12:22:54.096006 | 50043 | 78A0C7753503CCBE | -3.3393543346e-06
2025-12-08T12:22:54.096201 | 50044 | 402D9E9DE758D13E | 4.1359148443e-06
2025-12-08T12:22:54.194097 | 50038 | 8A732C3AEDCBED3E | 1.4208120609e-05
2025-12-08T12:22:54.194881 | 50046 | E89EEEE2F865223F | 1.4036811032e-04
2025-12-08T12:22:54.195533 | 50040 | 1C45CB43C24BFDBE | -2.7938778873e-05
2025-12-08T12:22:54.195618 | 50041 | 5A7725796D3A09BF | -4.8119035585e-05
2025-12-08T12:22:54.195692 | 50047 | EE6B6C39AE991E3F | 1.1673093682e-04
2025-12-08T12:22:54.195781 | 50048 | 6A20AB272E3732BF | -2.7794720488e-04
2025-12-08T12:22:54.196031 | 50044 | A5598276C568293F | 1.9385729252e-04
2025-12-08T12:22:54.196115 | 50049 | 57798BE8A49F32BF | -2.8417373737e-04
2025-12-08T12:22:54.196075 | 50045 | 5402AACB6351273F | 1.7790168006e-04
2025-12-08T12:22:54.196358 | 50039 | CE269375444EFE3E | 2.8901798349e-05
2025-12-08T12:22:54.196418 | 50042 | E0C62DA352F3CBBE | -3.3319568273e-06
2025-12-08T12:22:54.196470 | 50043 | BEE1548A75D9D13E | 4.2556404527e-06
2025-12-08T12:22:54.295160 | 50043 | 4EE2ACAF8243FC3E | 2.6954377044e-05
2025-12-08T12:22:54.295417 | 50041 | D242DC46E06EF2BE | -1.7579183285e-05
2025-12-08T12:22:54.295858 | 50048 | 3A554786A2AE22BF | -1.4253362600e-04
2025-12-08T12:22:54.295952 | 50047 | 8E14265C8A6B35BF | -3.2684448174e-04
2025-12-08T12:22:54.296139 | 50045 | 5023CC72D2C5383F | 3.7800205136e-04
2025-12-08T12:22:54.296246 | 50044 | FB6FC73F6048253F | 1.6237425724e-04
2025-12-08T12:22:54.296422 | 50042 | 440F5CFCD35502BF | -3.4971744340e-05
2025-12-08T12:22:54.296502 | 50046 | F4462235767207BF | -4.4721825035e-05
2025-12-08T12:22:54.296538 | 50040 | 2A60D26A9BFCE2BE | -9.0535862348e-06
2025-12-08T12:22:54.296623 | 50038 | 002B32CC7BFFF73E | 2.2886259796e-05
2025-12-08T12:22:54.296935 | 50049 | 79797A71D97E33BF | -2.9747780489e-04
2025-12-08T12:22:54.297095 | 50039 | 6EFF8410F3FDDDBE | -7.1506476689e-06
2025-12-08T12:22:54.395371 | 50040 | 0A5328154B41F1BE | -1.6455699845e-05
2025-12-08T12:22:54.395495 | 50042 | C00ED08ED67AE23E | 8.8118726698e-06
2025-12-08T12:22:54.395794 | 50039 | 69D780A5E296EA3E | 1.2678811956e-05
2025-12-08T12:22:54.395961 | 50041 | 7EF8746045CCE6BE | -1.0870901873e-05
2025-12-08T12:22:54.396037 | 50038 | E5BFEEBA7C27EF3E | 1.4855502597e-05
2025-12-08T12:22:54.396129 | 50045 | 484ED744A588333F | 2.9806170354e-04
2025-12-08T12:22:54.396194 | 50047 | B2EA37EFAEE429BF | -1.9755015784e-04
2025-12-08T12:22:54.396316 | 50046 | 7AF14EADDA5C1E3F | 1.1582455347e-04
2025-12-08T12:22:54.396411 | 50044 | 2040D41F6269333F | 2.9619832624e-04
2025-12-08T12:22:54.396941 | 50043 | 423CCD4AB703F13E | 1.6226306502e-05
2025-12-08T12:22:54.397028 | 50049 | 505D420931392ABF | -2.0006869875e-04
2025-12-08T12:22:54.397178 | 50048 | 28A855E905323ABF | -3.9971012423e-04
2025-12-08T12:22:54.496222 | 50039 | 689B2D0340FCE5BE | -1.0483432651e-05
2025-12-08T12:22:54.496357 | 50038 | DFF4DEEA4D79023F | 3.5236063340e-05
2025-12-08T12:22:54.498644 | 50042 | 208C410DB2D2F6BE | -2.1765736918e-05
2025-12-08T12:22:54.498895 | 50043 | 2867E19B8D81C1BE | -2.0868858135e-06
2025-12-08T12:22:54.498977 | 50047 | 943153054A322ABF | -1.9986299109e-04
2025-12-08T12:22:54.499061 | 50049 | C6A45FE70F4C1FBF | -1.1938902921e-04
2025-12-08T12:22:54.499142 | 50044 | 26036D24F9D4173F | 9.0911585272e-05
2025-12-08T12:22:54.499211 | 50046 | 1ACA7287B6FE373F | 3.6613422658e-04
2025-12-08T12:22:54.499561 | 50040 | E43E30866816D53E | 5.0276595145e-06
2025-12-08T12:22:54.499856 | 50041 | 66F6BC3DC1AB0CBF | -5.4685435059e-05
2025-12-08T12:22:54.499891 | 50048 | 2862CA501DCE09BF | -4.9219388619e-05
2025-12-08T12:22:54.500380 | 50045 | E878FDAA111F3D3F | 4.4435674044e-04
2025-12-08T12:22:54.597966 | 50038 | 3524CB5D3804F13E | 1.6228184779e-05
2025-12-08T12:22:54.598185 | 50044 | F47177EBB6F4363F | 3.5027948203e-04
2025-12-08T12:22:54.599894 | 50045 | 40F6EF2C2AC8193F | 9.8350118819e-05
2025-12-08T12:22:54.599985 | 50042 | 5E916A67AEDAE5BE | -1.0420905921e-05
2025-12-08T12:22:54.600059 | 50049 | 786286B9EE4833BF | -2.9426410904e-04
2025-12-08T12:22:54.600154 | 50039 | 08D06E39966EE23E | 8.7890528401e-06
2025-12-08T12:22:54.600127 | 50043 | 2A89152A9DC4F13E | 1.6944907320e-05
2025-12-08T12:22:54.600383 | 50048 | 5CC591D7E5A62CBF | -2.1859698953e-04
2025-12-08T12:22:54.600424 | 50047 | 331598D595FB27BF | -1.8297390015e-04
2025-12-08T12:22:54.600514 | 50040 | 96805137F59701BF | -3.3557101155e-05
2025-12-08T12:22:54.601300 | 50046 | 3061A9D084EE373F | 3.6516897732e-04
2025-12-08T12:22:54.601827 | 50041 | 073B24393A6F08BF | -4.6605076152e-05
2025-12-08T12:22:54.699306 | 50040 | 0047871A4E7FDD3E | 7.0327009003e-06
2025-12-08T12:22:54.699450 | 50039 | 50E9917A9D8CA4BE | -6.1241620587e-07
2025-12-08T12:22:54.699560 | 50047 | 2819E7EE754F32BF | -2.7939442853e-04
2025-12-08T12:22:54.699635 | 50038 | 35C5D2C89350073F | 4.4469366096e-05
2025-12-08T12:22:54.699702 | 50044 | 004272031DB6F53E | 2.0705585680e-05
2025-12-08T12:22:54.699804 | 50049 | F51579F9A5952BBF | -2.1045352035e-04
2025-12-08T12:22:54.700015 | 50048 | 024F55CC9B3A34BF | -3.0866912524e-04
2025-12-08T12:22:54.700253 | 50042 | AADFF34AA646F7BE | -2.2197699477e-05
2025-12-08T12:22:54.700295 | 50043 | E23B0A85ED16F13E | 1.6297876132e-05
2025-12-08T12:22:54.700459 | 50041 | 240B16CCB01EFABE | -2.4909863674e-05
2025-12-08T12:22:54.700553 | 50045 | 3245ECA27B9C343F | 3.1450289218e-04
2025-12-08T12:22:54.700649 | 50046 | B29403B187400B3F | 5.1979199385e-05
2025-12-08T12:22:54.798698 | 50038 | 1A0478F01863F43E | 1.9442652983e-05
2025-12-08T12:22:54.798885 | 50045 | 90B4E9DBFC3D0B3F | 5.1960257669e-05
2025-12-08T12:22:54.799264 | 50040 | DF1B0B7DAE2204BF | -3.8405370679e-05
2025-12-08T12:22:54.799515 | 50042 | C2644D93EBA304BF | -3.9368273440e-05
2025-12-08T12:22:54.799587 | 50048 | D6F4AD4FC39B3FBF | -4.8230665532e-04
2025-12-08T12:22:54.800212 | 50041 | ECCBF02FB5BF00BF | -3.1945912263e-05
2025-12-08T12:22:54.800342 | 50047 | A5D3DF55217F24BF | -1.5637666632e-04
2025-12-08T12:22:54.800416 | 50046 | 2B3D433B9E0B3A3F | 3.9742100786e-04
2025-12-08T12:22:54.800435 | 50043 | 043BFB2C680DEC3E | 1.3376412795e-05
2025-12-08T12:22:54.800477 | 50049 | 27FCB595CEEF23BF | -1.5210530078e-04
2025-12-08T12:22:54.801220 | 50044 | 6ED058169A5C2E3F | 2.3164158772e-04
2025-12-08T12:22:54.801418 | 50039 | 2ED0F341246A023F | 3.5123092170e-05
2025-12-08T12:22:54.899279 | 50040 | CE7215A578ECD1BE | -4.2733468758e-06
2025-12-08T12:22:54.899457 | 50038 | 793115073520043F | 3.8386934544e-05
2025-12-08T12:22:54.899834 | 50039 | CBA47518D7D8E6BE | -1.0894313859e-05
2025-12-08T12:22:54.899976 | 50042 | 5013812FA871B0BE | -9.8013714302e-07
2025-12-08T12:22:54.900158 | 50043 | B483BD483350013F | 3.3022465771e-05
2025-12-08T12:22:54.900426 | 50048 | FCB059975FB23DBF | -4.5313676615e-04
2025-12-08T12:22:54.900733 | 50046 | 665894431D6D233F | 1.4821035601e-04
2025-12-08T12:22:54.900803 | 50041 | 9E49E01C6E35FBBE | -2.5948249281e-05
2025-12-08T12:22:54.900897 | 50044 | D52F02A92DE22C3F | 2.2036368728e-04
2025-12-08T12:22:54.901161 | 50047 | BA2E7E319FCC31BF | -2.7159582668e-04
2025-12-08T12:22:54.901212 | 50049 | EFFEF8D0606E2CBF | -2.1691257324e-04
2025-12-08T12:22:54.901891 | 50045 | FD8CB1576780293F | 1.9456159120e-04
2025-12-08T12:22:54.999979 | 50038 | 84246455F9E90A3F | 5.1334306294e-05
2025-12-08T12:22:55.000570 | 50039 | F4BFE7CC0B22EE3E | 1.4368530540e-05
2025-12-08T12:22:55.000720 | 50042 | 1CD4F09DA9B100BF | -3.1841267394e-05
2025-12-08T12:22:55.001807 | 50040 | 283E3D5A237502BF | -3.5205022214e-05
2025-12-08T12:22:55.001902 | 50043 | B3C6A703F962FC3E | 2.7071582943e-05
2025-12-08T12:22:55.001987 | 50044 | 5C8CF10A6CF9373F | 3.6581886065e-04
2025-12-08T12:22:55.002715 | 50047 | 0C48FC60EA571FBF | -1.1956565890e-04
2025-12-08T12:22:55.003049 | 50045 | C2A49FFBF773133F | 7.4207316089e-05
2025-12-08T12:22:55.003996 | 50049 | 5EFEB4BA104823BF | -1.4710621086e-04
2025-12-08T12:22:55.004390 | 50041 | 82E20261FC1BE1BE | -8.1583594070e-06
2025-12-08T12:22:55.004441 | 50046 | CA218BCD9C3C203F | 1.2387670610e-04
2025-12-08T12:22:55.004496 | 50048 | F7A501C3398524BF | -1.5655832385e-04
2025-12-08T12:22:55.100572 | 50038 | C54364379322F23E | 1.7294939846e-05
2025-12-08T12:22:55.101624 | 50040 | 08182379298701BF | -3.3431962167e-05
2025-12-08T12:22:55.101857 | 50043 | CC9D57C7911FE33E | 9.1187086850e-06
2025-12-08T12:22:55.102802 | 50045 | 5985DFC841AF353F | 3.3088069983e-04
2025-12-08T12:22:55.102874 | 50039 | EEBE04D2ECCFE5BE | -1.0400870963e-05
2025-12-08T12:22:55.102937 | 50048 | 17D0F20CA67632BF | -2.8173021287e-04
2025-12-08T12:22:55.102977 | 50044 | CC2F7BF6F700383F | 3.6626867084e-04
2025-12-08T12:22:55.103076 | 50046 | F4B05B380E48333F | 2.9421183750e-04
2025-12-08T12:22:55.103108 | 50041 | 6FA0D141AC2307BF | -4.4134802217e-05
2025-12-08T12:22:55.105793 | 50042 | 3A7E5B667C8AF1BE | -1.6728363696e-05
2025-12-08T12:22:55.105888 | 50049 | 1001D7420EBCECBE | -1.3701721481e-05
2025-12-08T12:22:55.105906 | 50047 | 206D236EB601E2BE | -8.5862588474e-06
2025-12-08T12:22:55.200841 | 50038 | 954B5DDC9E48023F | 3.4873340651e-05
2025-12-08T12:22:55.202182 | 50042 | 2277711458DB03BF | -3.7873864635e-05
2025-12-08T12:22:55.202232 | 50043 | B2086739E195D43E | 4.9079580066e-06
2025-12-08T12:22:55.202310 | 50039 | 64EF7DCA9787F23E | 1.7671260735e-05
2025-12-08T12:22:55.202360 | 50040 | BEA103558879F9BE | -2.4294601929e-05
2025-12-08T12:22:55.202513 | 50049 | 1E3EEE439B563CBF | -4.3240824373e-04
2025-12-08T12:22:55.202670 | 50041 | 1F599F3FF1B5FCBE | -2.7380669031e-05
2025-12-08T12:22:55.202989 | 50048 | CA5C2E3C4AB42CBF | -2.1899610701e-04
2025-12-08T12:22:55.203039 | 50044 | 0FC0FED85EAA373F | 3.6110702149e-04
2025-12-08T12:22:55.203124 | 50046 | 86B7D41E959A383F | 3.7542477260e-04
2025-12-08T12:22:55.203261 | 50045 | FD05995D73C5253F | 1.6610177299e-04
2025-12-08T12:22:55.203317 | 50047 | 13F4B7A8F57F34BF | -3.1280276809e-04
2025-12-08T12:22:55.302202 | 50040 | E2244B5DB0E702BF | -3.6058492389e-05
2025-12-08T12:22:55.302272 | 50044 | B6DBE940D8A22F3F | 2.4136438192e-04
2025-12-08T12:22:55.302324 | 50048 | 9889697D542039BF | -3.8339674703e-04
2025-12-08T12:22:55.302426 | 50043 | BF29FB388DCFF33E | 1.8893002163e-05
2025-12-08T12:22:55.302704 | 50038 | 04463AA8CF72DC3E | 6.7826464406e-06
2025-12-08T12:22:55.302732 | 50039 | DB8F25918B58F93E | 2.4171714423e-05
2025-12-08T12:22:55.302832 | 50041 | 0D2419E34F7606BF | -4.2843163453e-05
2025-12-08T12:22:55.302865 | 50046 | 3E4862A41F0A343F | 3.0577919495e-04
2025-12-08T12:22:55.302762 | 50049 | 68B068B573F608BF | -4.7612577579e-05
2025-12-08T12:22:55.302886 | 50047 | 7A5C3FFA196933BF | -2.9618152825e-04
2025-12-08T12:22:55.303018 | 50042 | C6B7849B6A8FDD3E | 7.0477057579e-06
2025-12-08T12:22:55.303373 | 50045 | 3C24DAE25C5D2E3F | 2.3166426529e-04
2025-12-08T12:22:55.401707 | 50040 | 6E1A63EBA3DAFDBE | -2.8471053803e-05
2025-12-08T12:22:55.401820 | 50039 | E60290625C94E3BE | -9.3362496774e-06
2025-12-08T12:22:55.401900 | 50042 | 7D03C892CD74E53E | 1.0231142903e-05
2025-12-08T12:22:55.402322 | 50048 | CEA5C0FC8AC432BF | -2.8637307401e-04
2025-12-08T12:22:55.402683 | 50047 | A0D412590A3836BF | -3.3903362880e-04
2025-12-08T12:22:55.402749 | 50043 | 80969618D304BDBE | -1.7296580118e-06
2025-12-08T12:22:55.402801 | 50044 | B06F5821969EE73E | 1.1262644914e-05
2025-12-08T12:22:55.402848 | 50049 | 9C1FE068B34E0DBF | -5.5899477147e-05
2025-12-08T12:22:55.402914 | 50041 | C73E3B94C13F01BF | -3.2899947227e-05
2025-12-08T12:22:55.403007 | 50038 | 5C76B9A6F6F2023F | 3.6142494392e-05
2025-12-08T12:22:55.403312 | 50045 | 69D68C70F94D373F | 3.5559978328e-04
2025-12-08T12:22:55.403582 | 50046 | CBC680B54222243F | 1.5360893554e-04
2025-12-08T12:22:55.501967 | 50038 | B5D6CE1E2621013F | 3.2671905366e-05
2025-12-08T12:22:55.502120 | 50039 | DA974B16518CD83E | 5.8527260520e-06
2025-12-08T12:22:55.502773 | 50042 | 88087091ABA0CFBE | -3.7703058626e-06
2025-12-08T12:22:55.503189 | 50048 | 393B439F3DB534BF | -3.1597856947e-04
2025-12-08T12:22:55.503355 | 50044 | 5C8B99C2BF1C373F | 3.5266572613e-04
2025-12-08T12:22:55.503426 | 50041 | E104E2BE510602BF | -3.4379357985e-05
2025-12-08T12:22:55.503473 | 50049 | F36EA69B392031BF | -2.6132017560e-04
2025-12-08T12:22:55.503658 | 50045 | E4867D101F353B3F | 4.1515358361e-04
2025-12-08T12:22:55.503786 | 50043 | 0E65BC4B5E3B023F | 3.4774604016e-05
2025-12-08T12:22:55.503929 | 50040 | E8A948A4FB80C53E | 2.5634574590e-06
2025-12-08T12:22:55.504143 | 50047 | 24F58FEFBA7033BF | -2.9663623678e-04
2025-12-08T12:22:55.504173 | 50046 | 30934F36B1D8183F | 9.4781700298e-05
2025-12-08T12:22:55.603139 | 50044 | DC7C753C02092F3F | 2.3677971169e-04
2025-12-08T12:22:55.603236 | 50041 | 486802770BBEF1BE | -1.6920435372e-05
2025-12-08T12:22:55.603362 | 50039 | 09F9594C2493E6BE | -1.0764490422e-05
2025-12-08T12:22:55.603529 | 50043 | 1EBA6D8A8A3BE0BE | -7.7402986116e-06
2025-12-08T12:22:55.603621 | 50047 | 9091D7331367FB3E | 2.6133190877e-05
2025-12-08T12:22:55.603797 | 50040 | 5F3D22C51A58E9BE | -1.2085036506e-05
2025-12-08T12:22:55.604671 | 50038 | CEAB10CD73ECF13E | 1.7093317016e-05
2025-12-08T12:22:55.604892 | 50045 | ED339E7AB5FD343F | 3.2029801025e-04
2025-12-08T12:22:55.605039 | 50048 | 3A2A88A88F1B41BF | -5.2208437506e-04
2025-12-08T12:22:55.605858 | 50046 | 5C6A4A950F14353F | 3.2163029145e-04
2025-12-08T12:22:55.605887 | 50042 | 29A6D2A7262A01BF | -3.2738976168e-05
2025-12-08T12:22:55.606162 | 50049 | 2431A8176EA0113F | 6.7240447528e-05
2025-12-08T12:22:55.704830 | 50044 | E94F44CE5B01223F | 1.3736959148e-04
2025-12-08T12:22:55.706802 | 50043 | 429E051F6E49003F | 3.1064675457e-05
2025-12-08T12:22:55.708606 | 50040 | 60D2DCAE6099BD3E | 1.7642457197e-06
2025-12-08T12:22:55.708775 | 50041 | 9613C6398997E1BE | -8.3884895552e-06
2025-12-08T12:22:55.708980 | 50039 | FCC75E3EC60EE6BE | -1.0517936925e-05
2025-12-08T12:22:55.709066 | 50047 | 7C9FB58F6DD338BF | -3.7881302679e-04
2025-12-08T12:22:55.709240 | 50042 | B06E9D593DBD02BF | -3.5742220645e-05
2025-12-08T12:22:55.709285 | 50049 | 2053DA4EA9DD23BF | -1.5156451939e-04
2025-12-08T12:22:55.709324 | 50046 | 487810B6344E393F | 3.8613116163e-04
2025-12-08T12:22:55.710371 | 50038 | 2FCDCE55208A0A3F | 5.0620185653e-05
2025-12-08T12:22:55.710461 | 50048 | A78D5D3B445E25BF | -1.6302664670e-04
2025-12-08T12:22:55.710490 | 50045 | 05648D2D9DF72C3F | 2.2100251843e-04
2025-12-08T12:22:55.804721 | 50038 | 23ED95829567083F | 4.6548128306e-05
2025-12-08T12:22:55.804797 | 50040 | B4237F03B7B9FFBE | -3.0255745713e-05
2025-12-08T12:22:55.804844 | 50046 | F0AE902755FC10BF | -6.4795205518e-05
2025-12-08T12:22:55.805029 | 50039 | 4E319C18D4B6DFBE | -7.5612482620e-06
2025-12-08T12:22:55.805150 | 50044 | D755FEF16705393F | 3.8179195143e-04
2025-12-08T12:22:55.806296 | 50047 | BCC5BFB11448FCBE | -2.6971402903e-05
2025-12-08T12:22:55.806412 | 50043 | 803B02013774FB3E | 2.6182140630e-05
2025-12-08T12:22:55.806485 | 50041 | CC85EF1ADA15E7BE | -1.1007957111e-05
2025-12-08T12:22:55.806554 | 50048 | 2CA8A4BC7A0340BF | -4.8869603169e-04
2025-12-08T12:22:55.806712 | 50042 | 1DC59E8FF55BE7BE | -1.1138542039e-05
2025-12-08T12:22:55.806791 | 50045 | F0D39B3C5670323F | 2.8135400190e-04
2025-12-08T12:22:55.807211 | 50049 | 04C4A406DE323BBF | -4.1501923137e-04
2025-12-08T12:22:55.905700 | 50042 | 1EFE9D6E25E0E43E | 9.9542480319e-06
2025-12-08T12:22:55.905863 | 50039 | 00032CCBF96CEE3E | 1.4508097910e-05
2025-12-08T12:22:55.905980 | 50041 | E5CC70FFC4D701BF | -3.4032534977e-05
2025-12-08T12:22:55.905888 | 50047 | 0210946791A020BF | -1.2685561141e-04
2025-12-08T12:22:55.906242 | 50049 | 3E05B33DF51536BF | -3.3700215654e-04
2025-12-08T12:22:55.906305 | 50045 | 6DDEDE206D65363F | 3.4173883693e-04
2025-12-08T12:22:55.906474 | 50048 | DC7BFB57A11A40BF | -4.9145582303e-04
2025-12-08T12:22:55.906550 | 50040 | D830FA706547C3BE | -2.2982229735e-06
2025-12-08T12:22:55.906709 | 50044 | BC44AD610090333F | 2.9850014987e-04
2025-12-08T12:22:55.906922 | 50043 | 0CAB62121FC4F23E | 1.7896746748e-05
2025-12-08T12:22:55.907106 | 50038 | 3A82826ED45A013F | 3.3101661587e-05
2025-12-08T12:22:55.907164 | 50046 | 08B07FE6429A1BBF | -1.0529549911e-04
2025-12-08T12:22:56.005271 | 50038 | 4C037C48601CEE3E | 1.4357969362e-05
2025-12-08T12:22:56.005439 | 50039 | 030F2FAA9904EFBE | -1.4790520543e-05
2025-12-08T12:22:56.005631 | 50041 | 88429DF12435EABE | -1.2496755108e-05
2025-12-08T12:22:56.005674 | 50045 | 0C4C7EB503922E3F | 2.3323340679e-04
2025-12-08T12:22:56.005719 | 50043 | 22CBD09584E7E03E | 8.0606302451e-06
2025-12-08T12:22:56.005821 | 50046 | 526B26CCD7B0213F | 1.3497003790e-04
2025-12-08T12:22:56.005934 | 50040 | 9A0DFEF0E96C04BF | -3.8958443951e-05
2025-12-08T12:22:56.006355 | 50042 | 28558BF0375A00BF | -3.1189758436e-05
2025-12-08T12:22:56.006406 | 50044 | 5A279DCF601A3B3F | 4.1355956602e-04
2025-12-08T12:22:56.006473 | 50047 | F60C2662FCA936BF | -3.4582530693e-04
2025-12-08T12:22:56.007194 | 50049 | A85BB02396E02FBF | -2.4320442921e-04
2025-12-08T12:22:56.007725 | 50048 | 146625D57D9332BF | -2.8344938359e-04
2025-12-08T12:22:56.106223 | 50038 | 158FC0463644FF3E | 2.9818013374e-05
2025-12-08T12:22:56.106940 | 50039 | 1B900B0A5DF6D13E | 4.2825596729e-06
2025-12-08T12:22:56.107017 | 50046 | A4E5F9E06C06323F | 2.7504118132e-04
2025-12-08T12:22:56.107357 | 50043 | 94DA8A18C892FF3E | 3.0110707970e-05
2025-12-08T12:22:56.107504 | 50048 | 7A6F7011252A39BF | -3.8398175224e-04
2025-12-08T12:22:56.107583 | 50044 | DBBD99870C602B3F | 2.0885613394e-04
2025-12-08T12:22:56.107657 | 50040 | C4CF28C2FACC02BF | -3.5859491863e-05
2025-12-08T12:22:56.108023 | 50041 | 3C12BC0A8453F4BE | -1.9384606886e-05
2025-12-08T12:22:56.108071 | 50042 | C273F44A0CD0F9BE | -2.4616897176e-05
2025-12-08T12:22:56.108113 | 50045 | F6E79B4C19042F3F | 2.3663338498e-04
2025-12-08T12:22:56.108268 | 50049 | 59DF4591E08C1DBF | -1.1272545482e-04
2025-12-08T12:22:56.108357 | 50047 | 01E28E3CF23827BF | -1.7717320432e-04
2025-12-08T12:22:56.207163 | 50041 | 349294DFCC0901BF | -3.2497944583e-05
2025-12-08T12:22:56.207543 | 50038 | 91309BA5BEA8EF3E | 1.5096263428e-05
2025-12-08T12:22:56.207615 | 50040 | 20D6886DFB27A4BE | -6.0070098146e-07
2025-12-08T12:22:56.207765 | 50044 | A91945AF319C333F | 2.9922688488e-04
2025-12-08T12:22:56.208686 | 50046 | 1AA535C763CF2D3F | 2.2743313785e-04
2025-12-08T12:22:56.208802 | 50039 | 1064DF547553E43E | 9.6921964107e-06
2025-12-08T12:22:56.209748 | 50042 | BBF83039AA3EF9BE | -2.4075302985e-05
2025-12-08T12:22:56.209776 | 50049 | 0BEBA7D9018C22BF | -1.4150164209e-04
2025-12-08T12:22:56.212006 | 50043 | ABE15D0162DBF83E | 2.3705448334e-05
2025-12-08T12:22:56.212086 | 50048 | 8B15DCC72EFB28BF | -1.9059129766e-04
2025-12-08T12:22:56.212146 | 50047 | B2FC4DBFA3BA153F | 8.2889789907e-05
2025-12-08T12:22:56.213332 | 50045 | 7280D78636DA2D3F | 2.2775569543e-04
2025-12-08T12:22:56.308497 | 50044 | D9A8AF87D0CA383F | 3.7829962792e-04
2025-12-08T12:22:56.308977 | 50047 | F6BFDE493F7E123F | 7.0545780970e-05
2025-12-08T12:22:56.309102 | 50045 | 38949F441B2E103F | 6.1722196875e-05
2025-12-08T12:22:56.309161 | 50049 | 7F0D208C017121BF | -1.3306754960e-04
2025-12-08T12:22:56.309302 | 50039 | F79492C6F3DCFA3E | 2.5618643495e-05
2025-12-08T12:22:56.309614 | 50038 | E8B508D66507003F | 3.0572696009e-05
2025-12-08T12:22:56.309868 | 50040 | FEF9D3994C4908BF | -4.6322488950e-05
2025-12-08T12:22:56.310044 | 50048 | 2AD5B68C073A34BF | -3.0863460844e-04
2025-12-08T12:22:56.310133 | 50043 | 94557097DDCC043F | 3.9673340261e-05
2025-12-08T12:22:56.310260 | 50046 | 30C4B494691C333F | 2.9161050471e-04
2025-12-08T12:22:56.310859 | 50042 | 1F7CBFAA9D6100BF | -3.1244873156e-05
2025-12-08T12:22:56.311142 | 50041 | C8BF75764CE2F1BE | -1.7055491666e-05
2025-12-08T12:22:56.408923 | 50044 | 83EE863C19E1163F | 8.7277570066e-05
2025-12-08T12:22:56.409151 | 50047 | 4C11CE0DD6EC33BF | -3.0403352667e-04
2025-12-08T12:22:56.409224 | 50040 | 58BBF1C984E603BF | -3.7957122225e-05
2025-12-08T12:22:56.409280 | 50042 | B4253DFB5BCDF6BE | -2.1745857978e-05
2025-12-08T12:22:56.409331 | 50046 | C235E8F69306203F | 1.2226635177e-04
2025-12-08T12:22:56.409515 | 50039 | 1A60AEA299E9F1BE | -1.7082691709e-05
2025-12-08T12:22:56.409607 | 50038 | 7B7314E41097FC3E | 2.7265645490e-05
2025-12-08T12:22:56.409630 | 50045 | 7A1A6247F0F4313F | 2.7399889166e-04
2025-12-08T12:22:56.409750 | 50048 | 5A043A6CCDFF35BF | -3.3568158344e-04
2025-12-08T12:22:56.409782 | 50041 | B8D08F40D4A407BF | -4.5097091124e-05
2025-12-08T12:22:56.409889 | 50043 | C42E37B7B268043F | 3.8927034349e-05
2025-12-08T12:22:56.410024 | 50049 | EAF080E9A7A625BF | -1.6518401822e-04
2025-12-08T12:22:56.509475 | 50049 | 3C02EB600E0234BF | -3.0529833831e-04
2025-12-08T12:22:56.509614 | 50047 | D651EE2A25E50ABF | -5.1298329132e-05
2025-12-08T12:22:56.509700 | 50048 | FCE2612E124A38BF | -3.7062591435e-04
2025-12-08T12:22:56.509800 | 50042 | A2605F92CB04E93E | 1.1929860715e-05
2025-12-08T12:22:56.509968 | 50045 | 1E7676330CD32F3F | 2.4280094088e-04
2025-12-08T12:22:56.510026 | 50040 | 02B11FD0FFD5FCBE | -2.7500090262e-05
2025-12-08T12:22:56.510067 | 50041 | 7E848F50A7F608BF | -4.7614079513e-05
2025-12-08T12:22:56.510096 | 50046 | 27D213561C7C203F | 1.2576909925e-04
2025-12-08T12:22:56.510273 | 50038 | A67C21829486093F | 4.8686415781e-05
2025-12-08T12:22:56.510497 | 50044 | 1077400558350B3F | 5.1895855592e-05
2025-12-08T12:22:56.510997 | 50043 | 6225B60F191AF13E | 1.6309685618e-05
2025-12-08T12:22:56.511061 | 50039 | 00A0C85B680432BE | -4.1949603206e-09
2025-12-08T12:22:56.609874 | 50039 | F29E844FE456FB3E | 2.6072903865e-05
2025-12-08T12:22:56.610077 | 50045 | 144E8D2ECE163C3F | 4.2860540139e-04
2025-12-08T12:22:56.610152 | 50046 | ACE8BDFA3CC02F3F | 2.4224037531e-04
2025-12-08T12:22:56.610206 | 50048 | 460C0C4231F63DBF | -4.5717909420e-04
2025-12-08T12:22:56.610276 | 50038 | D87EB829B883FE3E | 2.9100922445e-05
2025-12-08T12:22:56.610519 | 50042 | 2EDFD8F3EA4FFCBE | -2.7000597802e-05
2025-12-08T12:22:56.610602 | 50047 | 2DA0B96066C724BF | -1.5853047113e-04
2025-12-08T12:22:56.610774 | 50049 | 687F52D8D7B836BF | -3.4671086935e-04
2025-12-08T12:22:56.611046 | 50044 | 470E82581951183F | 9.2761203748e-05
2025-12-08T12:22:56.611102 | 50040 | A4868206C19CF3BE | -1.8703766188e-05
2025-12-08T12:22:56.611217 | 50041 | 360D74E6487909BF | -4.8587357748e-05
2025-12-08T12:22:56.611384 | 50043 | 888010633B16033F | 3.6405265185e-05
2025-12-08T12:22:56.709463 | 50039 | 20F3DA2A27C6CFBE | -3.7877601561e-06
2025-12-08T12:22:56.710034 | 50046 | 2B017C0AA64C113F | 6.5992006622e-05
2025-12-08T12:22:56.710207 | 50040 | A68F3BFF8BFDFBBE | -2.6693742213e-05
2025-12-08T12:22:56.710653 | 50044 | E64F98AF2B2F3A3F | 3.9954010535e-04
2025-12-08T12:22:56.710733 | 50047 | 14F15E9F624C123F | 6.9802779619e-05
2025-12-08T12:22:56.710810 | 50049 | EAE36FE718AB143F | 7.8843493483e-05
2025-12-08T12:22:56.710842 | 50048 | 2471EBED3D1639BF | -3.8279544780e-04
2025-12-08T12:22:56.710907 | 50043 | EC8D0573A719D8BE | -5.7459381398e-06
2025-12-08T12:22:56.711288 | 50042 | 0386A7F8F6CCF7BE | -2.2698062404e-05
2025-12-08T12:22:56.711540 | 50045 | E205F0B523F8333F | 3.0470725864e-04
2025-12-08T12:22:56.711604 | 50041 | 067081F6C7E5EABE | -1.2825766774e-05
2025-12-08T12:22:56.711661 | 50038 | 84B71F8482D50A3F | 5.1181836639e-05
2025-12-08T12:22:56.811152 | 50038 | 46782F7D285AF63E | 2.1316700280e-05
2025-12-08T12:22:56.811298 | 50040 | 8C4FDD2756C7E3BE | -9.4311992559e-06
2025-12-08T12:22:56.811208 | 50043 | 0AC47E7DDA77F53E | 2.0473649641e-05
2025-12-08T12:22:56.814002 | 50039 | 20FFB5AFE19AFA3E | 2.5372511101e-05
2025-12-08T12:22:56.814141 | 50048 | 3443DE1660CD35BF | -3.3267589503e-04
2025-12-08T12:22:56.814236 | 50046 | 5482F390A9D22F3F | 2.4278945828e-04
2025-12-08T12:22:56.814359 | 50047 | B0322D1D598B31BF | -2.6770520815e-04
2025-12-08T12:22:56.815785 | 50045 | 2EE0356759F03D3F | 4.5683081336e-04
2025-12-08T12:22:56.815831 | 50041 | 5E8B1C407534F6BE | -2.1176256275e-05
2025-12-08T12:22:56.816487 | 50049 | 09E4400E244E32BF | -2.7931576028e-04
2025-12-08T12:22:56.816814 | 50042 | DCE2A869B414EE3E | 1.4343680324e-05
2025-12-08T12:22:56.817244 | 50044 | 5C12A7972A203B3F | 4.1390457013e-04
2025-12-08T12:22:56.910066 | 50038 | 0C52FF9DDE9B0A3F | 5.0752383458e-05
2025-12-08T12:22:56.910310 | 50044 | 700378E6BA94193F | 9.7583682525e-05
2025-12-08T12:22:56.910900 | 50040 | C62134F9D7C3E7BE | -1.1332041856e-05
2025-12-08T12:22:56.910987 | 50047 | 80286D53C766B53E | 1.2756275518e-06
2025-12-08T12:22:56.911043 | 50049 | 525E01E5B9602BBF | -2.0887631627e-04
2025-12-08T12:22:56.911139 | 50048 | E3CFE085B70335BF | -3.2065611402e-04
2025-12-08T12:22:56.911291 | 50046 | C02FD26AD5E1FC3E | 2.7544176807e-05
2025-12-08T12:22:56.911445 | 50045 | CA1B6027249D333F | 2.9928333913e-04
2025-12-08T12:22:56.911604 | 50042 | 783B61DF1DBEF4BE | -1.9781726188e-05
2025-12-08T12:22:56.911943 | 50041 | 4E633ECAA14D0BBF | -5.2076816501e-05
2025-12-08T12:22:56.912123 | 50043 | 2C1378A3B842E63E | 1.0614695483e-05
2025-12-08T12:22:56.912439 | 50039 | B299101A9A3BFA3E | 2.5017566831e-05
2025-12-08T12:22:57.010361 | 50040 | C016E092BAAC02BF | -3.5619205264e-05
2025-12-08T12:22:57.011270 | 50038 | 1CF89E5D5B20023F | 3.4573353062e-05
2025-12-08T12:22:57.011432 | 50044 | BA72CDEF8F54303F | 2.4918092804e-04
2025-12-08T12:22:57.011796 | 50041 | B0D6C78B2C65EBBE | -1.3063054546e-05
2025-12-08T12:22:57.011924 | 50045 | EC2EE4EE2240393F | 3.8529255734e-04
2025-12-08T12:22:57.011992 | 50047 | E4D26676B3180A3F | 4.9775101434e-05
2025-12-08T12:22:57.012469 | 50043 | D43B21FBB2F5033F | 3.8070225302e-05
2025-12-08T12:22:57.012609 | 50048 | 678A3AF5FB6030BF | -2.4992133442e-04
2025-12-08T12:22:57.012775 | 50039 | 235BAA5CFA4FE43E | 9.6857137540e-06
2025-12-08T12:22:57.012949 | 50046 | B4F1C2CCCFC3043F | 3.9605883644e-05
2025-12-08T12:22:57.013033 | 50049 | 102CA4A075950CBF | -5.4519321639e-05
2025-12-08T12:22:57.013181 | 50042 | 0D930988521BE9BE | -1.1971820869e-05
2025-12-08T12:22:57.110928 | 50039 | ECC0FD482327E4BE | -9.6096430579e-06
2025-12-08T12:22:57.111494 | 50043 | 42D16AC8B107053F | 4.0111649516e-05
2025-12-08T12:22:57.112256 | 50040 | 655B5073A17BE9BE | -1.2151209015e-05
2025-12-08T12:22:57.112462 | 50046 | 53B793F22EDF353F | 3.3373733693e-04
2025-12-08T12:22:57.112716 | 50041 | C4891F1ECDE904BF | -3.9888927645e-05
2025-12-08T12:22:57.112793 | 50045 | 1652B5CF7823383F | 3.6832522865e-04
2025-12-08T12:22:57.112958 | 50049 | 1CE5C4103B4232BF | -2.7860586194e-04
2025-12-08T12:22:57.113095 | 50038 | 11BAE791F925F63E | 2.1122302423e-05
2025-12-08T12:22:57.113226 | 50048 | D4C894E859453ABF | -4.0086216957e-04
2025-12-08T12:22:57.113305 | 50047 | 36ADA6FC159D16BF | -8.6264101958e-05
2025-12-08T12:22:57.113504 | 50044 | CCBD1D2E312A2C3F | 2.1488046974e-04
2025-12-08T12:22:57.113881 | 50042 | 8E129C261DF3F3BE | -1.9025481754e-05
2025-12-08T12:22:57.211257 | 50040 | 45D951A8800AE6BE | -1.0509980038e-05
2025-12-08T12:22:57.212017 | 50038 | 6E29FCA727ED013F | 3.4191868506e-05
2025-12-08T12:22:57.212149 | 50047 | 185DB449DEAE08BF | -4.7079237641e-05
2025-12-08T12:22:57.212689 | 50042 | C210F64A6D07DB3E | 6.4442184987e-06
2025-12-08T12:22:57.212836 | 50044 | DC2E688E1FD0353F | 3.3283968369e-04
2025-12-08T12:22:57.212909 | 50046 | 6EC2A3D278A9083F | 4.7039031715e-05
2025-12-08T12:22:57.212976 | 50043 | 5C3EA23A57DEDF3E | 7.5980469011e-06
2025-12-08T12:22:57.213030 | 50048 | D7F4AC33026D39BF | -3.8796714550e-04
2025-12-08T12:22:57.213511 | 50041 | 08EC97820EF002BF | -3.6120837034e-05
2025-12-08T12:22:57.213540 | 50049 | 0C5C106B37D52EBF | -2.3523618214e-04
2025-12-08T12:22:57.213667 | 50039 | AA96F98E33E1EBBE | -1.3294073567e-05
2025-12-08T12:22:57.213747 | 50045 | AE3766843E36183F | 9.2361036059e-05
2025-12-08T12:22:57.311999 | 50038 | 722AE785C76AF83E | 2.3285967808e-05
2025-12-08T12:22:57.312369 | 50045 | E467182CFB51153F | 8.1330256784e-05
2025-12-08T12:22:57.312468 | 50049 | 6ADE42670B4E183F | 9.2715688711e-05
2025-12-08T12:22:57.312406 | 50048 | 1B5CB754B10234BF | -3.0533627861e-04
2025-12-08T12:22:57.313452 | 50040 | D53FA447A14BF7BE | -2.2216252980e-05
2025-12-08T12:22:57.313656 | 50047 | B649FB386A332DBF | -2.2278472578e-04
2025-12-08T12:22:57.313926 | 50041 | E90E309441FFF9BE | -2.4792761234e-05
2025-12-08T12:22:57.314148 | 50039 | 29D8E2487F62D03E | 3.9064299370e-06
2025-12-08T12:22:57.314202 | 50044 | B96A8E30DC03333F | 2.9014707303e-04
2025-12-08T12:22:57.314228 | 50042 | 77329FB06A20D53E | 5.0369806192e-06
2025-12-08T12:22:57.315657 | 50043 | F8EA587D6A84EA3E | 1.2644410087e-05
2025-12-08T12:22:57.315684 | 50046 | A0D0345A565C2E3F | 2.3163370234e-04
2025-12-08T12:22:57.414036 | 50049 | D1156F7F6EC630BF | -2.5596807194e-04
2025-12-08T12:22:57.414285 | 50040 | 9CF2FFC07D00F6BE | -2.0982664921e-05
2025-12-08T12:22:57.414534 | 50042 | 2A9542FCEB8D00BF | -3.1574978068e-05
2025-12-08T12:22:57.415698 | 50046 | 70AF34CF1F712E3F | 2.3225320147e-04
2025-12-08T12:22:57.415796 | 50044 | ACB898653AD52F3F | 2.4286592343e-04
2025-12-08T12:22:57.416056 | 50045 | 80BEC8523193163F | 8.6116681538e-05
2025-12-08T12:22:57.416199 | 50048 | E91016ADC9013BBF | -4.1209386571e-04
2025-12-08T12:22:57.416458 | 50047 | F6332B83598D2DBF | -2.2546498948e-04
2025-12-08T12:22:57.416502 | 50041 | 54EFDCC8E4AFFABE | -2.5450787283e-05
2025-12-08T12:22:57.416938 | 50039 | ED9DF7A058E1E73E | 1.1386994656e-05
2025-12-08T12:22:57.417288 | 50043 | A484A4C76C69033F | 3.7025100897e-05
2025-12-08T12:22:57.417440 | 50038 | 342171EDDA8FD33E | 4.6639285847e-06
2025-12-08T12:22:57.514237 | 50038 | 669D6B710700083F | 4.5776583809e-05
2025-12-08T12:22:57.514910 | 50039 | 560D4F65C657DABE | -6.2806298801e-06
2025-12-08T12:22:57.515129 | 50045 | FA8980A5B57D303F | 2.5163349847e-04
2025-12-08T12:22:57.515350 | 50048 | B4CF25CDE11139BF | -3.8253557900e-04
2025-12-08T12:22:57.515494 | 50049 | FEA564FBF0551EBF | -1.1572154367e-04
2025-12-08T12:22:57.515714 | 50040 | 2793AE367F25F4BE | -1.9213173271e-05
2025-12-08T12:22:57.515799 | 50043 | D0A6C96E3E14DD3E | 6.9329923745e-06
2025-12-08T12:22:57.515865 | 50044 | F4FB8C9F3CE90A3F | 5.1328814101e-05
2025-12-08T12:22:57.516022 | 50046 | CF9635943646333F | 2.9410202497e-04
2025-12-08T12:22:57.516251 | 50047 | A2154FBA2B2F0FBF | -5.9479257551e-05
2025-12-08T12:22:57.516733 | 50041 | 42EDE22EA1FBF8BE | -2.3825576982e-05
2025-12-08T12:22:57.516766 | 50042 | A91D50A2AA1EDABE | -6.2274434969e-06
2025-12-08T12:22:57.614687 | 50039 | F51D8B44DD29F0BE | -1.5414745834e-05
2025-12-08T12:22:57.615104 | 50038 | FCBAF5D8A991E23E | 8.8543881975e-06
2025-12-08T12:22:57.615319 | 50041 | E6359363310504BF | -3.8185662967e-05
2025-12-08T12:22:57.615427 | 50040 | EFC7E19798A907BF | -4.5132607725e-05
2025-12-08T12:22:57.615549 | 50042 | E6DA2A48F668EABE | -1.2593273145e-05
2025-12-08T12:22:57.615653 | 50046 | C79A2E6F4F6E15BF | -8.1752393995e-05
2025-12-08T12:22:57.615745 | 50048 | C2EA01131EEA2EBF | -2.3585908048e-04
2025-12-08T12:22:57.615857 | 50047 | A0EA499619E90B3F | 5.3235143047e-05
2025-12-08T12:22:57.616206 | 50044 | 52E40BEB3D63223F | 1.4028673970e-04
2025-12-08T12:22:57.616940 | 50049 | C0EE307247D52DBF | -2.2760865349e-04
2025-12-08T12:22:57.617040 | 50043 | 66469C29304E023F | 3.4914822392e-05
2025-12-08T12:22:57.617281 | 50045 | 0B607C0DF34E253F | 1.6257016136e-04
2025-12-08T12:22:57.715575 | 50038 | 26D1E244DF2EEE3E | 1.4392420919e-05
2025-12-08T12:22:57.715950 | 50048 | CC991CB258B028BF | -1.8836100303e-04
2025-12-08T12:22:57.716042 | 50042 | 40D9D9BF5727D6BE | -5.2818495512e-06
2025-12-08T12:22:57.716456 | 50041 | F636C8E34AC004BF | -3.9579663710e-05
2025-12-08T12:22:57.716555 | 50040 | 166A33E7250C04BF | -3.8237482750e-05
2025-12-08T12:22:57.716708 | 50039 | 3CA7AF6CF35CC23E | 2.1890508370e-06
2025-12-08T12:22:57.716870 | 50044 | CC5B9BCF3527313F | 2.6173652405e-04
2025-12-08T12:22:57.716899 | 50047 | 3621372F71B9113F | 6.7613156538e-05
2025-12-08T12:22:57.716946 | 50043 | C049C4A0FF78E43E | 9.7621205204e-06
2025-12-08T12:22:57.717056 | 50049 | 2406F91C120832BF | -2.7513925759e-04
2025-12-08T12:22:57.717367 | 50045 | 36C9619AA8C83C3F | 4.3920627866e-04
2025-12-08T12:22:57.717411 | 50046 | 1E4177ABCDE3053F | 4.1751588863e-05
2025-12-08T12:22:57.815847 | 50038 | B60364CF9177013F | 3.3315789482e-05
2025-12-08T12:22:57.816363 | 50046 | C8E407700861F9BE | -2.4203333853e-05
2025-12-08T12:22:57.816462 | 50045 | 3BFDE3F50E87313F | 2.6744952437e-04
2025-12-08T12:22:57.816585 | 50040 | A25471A9316404BF | -3.8893476067e-05
2025-12-08T12:22:57.816665 | 50047 | 304FFF6A8F0DFFBE | -2.9614419588e-05
2025-12-08T12:22:57.816800 | 50043 | C04B985870A5A93E | 7.6431767687e-07
2025-12-08T12:22:57.817217 | 50041 | 81E70C29AF8C01BF | -3.3473105879e-05
2025-12-08T12:22:57.817367 | 50048 | 9BEEBDD44CF933BF | -3.0477643735e-04
2025-12-08T12:22:57.817395 | 50049 | 94D204F4303C37BF | -3.5453982493e-04
2025-12-08T12:22:57.817514 | 50044 | 71CFC699D9C8353F | 3.3240616338e-04
2025-12-08T12:22:57.817543 | 50039 | B6179B6B8808F03E | 1.5290576562e-05
2025-12-08T12:22:57.818053 | 50042 | 54F1890C139CF9BE | -2.4423280396e-05
2025-12-08T12:22:57.915836 | 50038 | 1024C54C329FFF3E | 3.0156956926e-05
2025-12-08T12:22:57.916253 | 50044 | 24C641902C1E383F | 3.6800945259e-04
2025-12-08T12:22:57.916299 | 50045 | B4D5115AE3E7183F | 9.5008136229e-05
2025-12-08T12:22:57.916374 | 50049 | 4857CC8EBF5103BF | -3.6848696118e-05
2025-12-08T12:22:57.916446 | 50040 | 15E81195DDB9F2BE | -1.7858540847e-05
2025-12-08T12:22:57.916600 | 50048 | 3BED968AB45721BF | -1.3231352686e-04
2025-12-08T12:22:57.916721 | 50047 | 2CD64DC6027D06BF | -4.2893073249e-05
2025-12-08T12:22:57.916747 | 50041 | 4FA8F3F67B3EFFBE | -2.9796675730e-05
2025-12-08T12:22:57.916858 | 50042 | ACB9D6051154FFBE | -2.9877075908e-05
2025-12-08T12:22:57.916998 | 50039 | BDB08C4DFC18E8BE | -1.1490631026e-05
2025-12-08T12:22:57.917487 | 50046 | A2F4AC655CC3283F | 1.8892767806e-04
2025-12-08T12:22:57.917538 | 50043 | 94DB8DFD7C86DA3E | 6.3241349942e-06
2025-12-08T12:22:58.016746 | 50041 | FCBCC5EC5F4AE4BE | -9.6752768506e-06
2025-12-08T12:22:58.016934 | 50038 | E5408D762316013F | 3.2589871643e-05
2025-12-08T12:22:58.018918 | 50045 | 424AC2A5AAD73B3F | 4.2484203528e-04
2025-12-08T12:22:58.018954 | 50048 | C0D0E456A30D31BF | -2.6021230487e-04
2025-12-08T12:22:58.019052 | 50042 | A88EBC20A13BECBE | -1.3462508853e-05
2025-12-08T12:22:58.019365 | 50049 | 30ACE85C15051CBF | -1.0688727273e-04
2025-12-08T12:22:58.019301 | 50044 | 48205B09C16E193F | 9.7017795578e-05
2025-12-08T12:22:58.019196 | 50039 | 28C6C2FA349B80BE | -1.2372640635e-07
2025-12-08T12:22:58.019179 | 50040 | F93179CCF5A509BF | -4.8920215303e-05
2025-12-08T12:22:58.019276 | 50043 | 70F2C5E02462023F | 3.5063505581e-05
2025-12-08T12:22:58.019525 | 50046 | 5DDA1B1FB61C1DBF | -1.1105405408e-04
2025-12-08T12:22:58.019905 | 50047 | 58B9317E2F4E09BF | -4.8266243334e-05
2025-12-08T12:22:58.117260 | 50038 | 26C5F42BBEA6E13E | 8.4168144655e-06
2025-12-08T12:22:58.117657 | 50040 | DAF01B69AF5200BF | -3.1133630854e-05
2025-12-08T12:22:58.117744 | 50045 | 6AE440B2B94D163F | 8.5081538203e-05
2025-12-08T12:22:58.117904 | 50046 | A301F170B52E243F | 1.5397991999e-04
2025-12-08T12:22:58.117989 | 50047 | 2FD06107C4BE3ABF | -4.0809903965e-04
2025-12-08T12:22:58.118056 | 50043 | 79980A7B35B2E53E | 1.0345520282e-05
2025-12-08T12:22:58.118166 | 50039 | 6D079CE6E621E13E | 8.1693790039e-06
2025-12-08T12:22:58.118313 | 50049 | 6D90930AB61414BF | -7.6602564735e-05
2025-12-08T12:22:58.118427 | 50042 | 1BB24E2EF8DEE3BE | -9.4752189826e-06
2025-12-08T12:22:58.118582 | 50048 | 6C970BB7DD753CBF | -4.3427145924e-04
2025-12-08T12:22:58.118702 | 50044 | 0CC28A07792F073F | 4.4222718264e-05
2025-12-08T12:22:58.119221 | 50041 | FCDD85964914F0BE | -1.5334365715e-05
2025-12-08T12:22:58.217238 | 50039 | EC74018E1254F43E | 1.9386680720e-05
2025-12-08T12:22:58.217310 | 50038 | 18D2DEF851ACDF3E | 7.5514616479e-06
2025-12-08T12:22:58.217953 | 50041 | 31C147691C0E00BF | -3.0622713130e-05
2025-12-08T12:22:58.217902 | 50040 | 3E235BEEFDB606BF | -4.3325065958e-05
2025-12-08T12:22:58.218079 | 50045 | 06DC9651F3353D3F | 4.4572058104e-04
2025-12-08T12:22:58.218010 | 50044 | F8173F1F6B13FA3E | 2.4867871573e-05
2025-12-08T12:22:58.219765 | 50042 | 8E9028990FAEF2BE | -1.7814565192e-05
2025-12-08T12:22:58.219583 | 50048 | 4A32D7FE5D9F31BF | -2.6889843761e-04
2025-12-08T12:22:58.220265 | 50047 | 8B29813F356526BF | -1.7086291314e-04
2025-12-08T12:22:58.220366 | 50043 | C477B9AE4C60E73E | 1.1146626512e-05
2025-12-08T12:22:58.220447 | 50046 | 40D86C4738801D3F | 1.1253684521e-04
2025-12-08T12:22:58.221021 | 50049 | DA4F9B72CB9937BF | -3.6011902794e-04
2025-12-08T12:22:58.318836 | 50038 | 38CDB679CD2BF83E | 2.3051361138e-05
2025-12-08T12:22:58.319241 | 50044 | 8DE74FB4D9FD293F | 1.9830019497e-04
2025-12-08T12:22:58.319281 | 50042 | 63C8B495BEA0F7BE | -2.2533329099e-05
2025-12-08T12:22:58.319316 | 50039 | ECE72042C5E4B9BE | -1.5433809115e-06
2025-12-08T12:22:58.319486 | 50041 | 279EC66EC975F6BE | -2.1419625158e-05
2025-12-08T12:22:58.319674 | 50047 | 3C7788BFCFAC28BF | -1.8825565327e-04
2025-12-08T12:22:58.320240 | 50040 | 9463C58F4A08EBBE | -1.2890046940e-05
2025-12-08T12:22:58.320319 | 50045 | 0511B21D0C74413F | 5.3263274766e-04
2025-12-08T12:22:58.320271 | 50048 | 840149A1A14D15BF | -8.1265440095e-05
2025-12-08T12:22:58.320414 | 50046 | B01BDD905A66363F | 3.4179411965e-04
2025-12-08T12:22:58.320471 | 50049 | CCBB858A1D6834BF | -3.1138154238e-04
2025-12-08T12:22:58.320567 | 50043 | B04E70CC19A0073F | 4.5061862288e-05
2025-12-08T12:22:58.419051 | 50043 | 00FBFEC550D984BE | -1.5533632602e-07
2025-12-08T12:22:58.419478 | 50042 | 08B819B79087FEBE | -2.9115249566e-05
2025-12-08T12:22:58.420033 | 50039 | 776EE1F1D535E0BE | -7.7296713778e-06
2025-12-08T12:22:58.420073 | 50044 | 37886D890D8C2F3F | 2.4068513150e-04
2025-12-08T12:22:58.420384 | 50049 | 6801FEB03D4DF1BE | -1.6500208460e-05
2025-12-08T12:22:58.420543 | 50046 | A3EC8EEB023E183F | 9.2476776344e-05
2025-12-08T12:22:58.420606 | 50047 | 2431A9DC982430BF | -2.4632198316e-04
2025-12-08T12:22:58.420717 | 50048 | ECB3752B3EB215BF | -8.2764668027e-05
2025-12-08T12:22:58.420956 | 50038 | 5CC5171DE2F7F53E | 2.0950597735e-05
2025-12-08T12:22:58.421244 | 50045 | E6AEF3B57A83363F | 3.4353013866e-04
2025-12-08T12:22:58.421306 | 50040 | 206B2CD79040BCBE | -1.6839629466e-06
2025-12-08T12:22:58.421704 | 50041 | B136CDAB005705BF | -4.0702541333e-05
2025-12-08T12:22:58.521278 | 50040 | BC7EA712BDEDFFBE | -3.0449548982e-05
2025-12-08T12:22:58.521396 | 50043 | 1AD524BF725EFF3E | 2.9915750880e-05
2025-12-08T12:22:58.521495 | 50044 | 1A343B172458353F | 3.2568818208e-04
2025-12-08T12:22:58.521559 | 50042 | 4E6144CED12FB5BE | -1.2628313977e-06
2025-12-08T12:22:58.522225 | 50047 | 465AC0D1073D36BF | -3.3933106329e-04
2025-12-08T12:22:58.525667 | 50048 | 969F758E51311BBF | -1.0373173028e-04
2025-12-08T12:22:58.525731 | 50041 | 6047E430A644FCBE | -2.6958618997e-05
2025-12-08T12:22:58.526141 | 50039 | D331FB5448F3F2BE | -1.8072435806e-05
2025-12-08T12:22:58.526216 | 50046 | E0DFD658186F02BF | -3.5159998429e-05
2025-12-08T12:22:58.526238 | 50045 | AF16B73A48DF223F | 1.4398342806e-04
2025-12-08T12:22:58.527116 | 50038 | 47E215EC7FF6F43E | 1.9991769255e-05
2025-12-08T12:22:58.527558 | 50049 | B2A4C495E6E7173F | 9.1193627160e-05
2025-12-08T12:22:58.622180 | 50039 | 7F72AA368E2FF73E | 2.2111667401e-05
2025-12-08T12:22:58.622328 | 50044 | 5899D5264E13293F | 1.9131020546e-04
2025-12-08T12:22:58.622380 | 50038 | DC1F1FBA8AE1E93E | 1.2341033486e-05
2025-12-08T12:22:58.622563 | 50048 | 5B9B05FB43E426BF | -1.7464952317e-04
2025-12-08T12:22:58.622661 | 50047 | 30F352AC356739BF | -3.8762150173e-04
2025-12-08T12:22:58.623123 | 50046 | 361FA26749EE0DBF | -5.7088484895e-05
2025-12-08T12:22:58.623233 | 50045 | 1AC17B1C56121A3F | 9.9455362143e-05
2025-12-08T12:22:58.623332 | 50042 | FA6C5735465BCCBE | -3.3803629928e-06
2025-12-08T12:22:58.623539 | 50040 | 39F29EEB96D803BF | -3.7853341794e-05
2025-12-08T12:22:58.623634 | 50041 | F933AA2F6D2909BF | -4.7992367361e-05
2025-12-08T12:22:58.623678 | 50043 | 823E815B582CFF3E | 2.9729102352e-05
2025-12-08T12:22:58.624079 | 50049 | 8687819C1BF938BF | -3.8105892282e-04
2025-12-08T12:22:58.720773 | 50041 | 58FC901C793909BF | -4.8111923725e-05
2025-12-08T12:22:58.720882 | 50043 | FE5BD2124130073F | 4.4228540312e-05
2025-12-08T12:22:58.720966 | 50046 | F65EB59D1D12283F | 1.8364535831e-04
2025-12-08T12:22:58.721151 | 50048 | 07A0C9F2A82737BF | -3.5331606595e-04
2025-12-08T12:22:58.721464 | 50047 | 6C6997637537083F | 4.6189565591e-05
2025-12-08T12:22:58.721562 | 50040 | CE988F4AF51BF8BE | -2.2992335889e-05
2025-12-08T12:22:58.721508 | 50044 | 9DD17BC20A423A3F | 4.0066492737e-04
2025-12-08T12:22:58.721982 | 50049 | A80A2AAE223F10BF | -6.1975948066e-05
2025-12-08T12:22:58.722047 | 50038 | 0F9638E13D6B063F | 4.2760682984e-05
2025-12-08T12:22:58.722172 | 50039 | 55E9D73D42A2F13E | 1.6816924349e-05
2025-12-08T12:22:58.722325 | 50045 | 2089423A4D2B2B3F | 2.0728414268e-04
2025-12-08T12:22:58.722421 | 50042 | 9BAAC2F6859AF6BE | -2.1556479098e-05
2025-12-08T12:22:58.820322 | 50038 | FC67582CBC57FF3E | 2.9890742345e-05
2025-12-08T12:22:58.820443 | 50041 | 5C18868D40A2D4BE | -4.9194806809e-06
2025-12-08T12:22:58.820547 | 50039 | 9D3670AD6877E03E | 7.8518109330e-06
2025-12-08T12:22:58.820646 | 50040 | 68796DE7105BE7BE | -1.1136878340e-05
2025-12-08T12:22:58.820859 | 50043 | 80043A2BDA7DD83E | 5.8392549139e-06
2025-12-08T12:22:58.821031 | 50044 | F2A22AA4C0372F3F | 2.3817278460e-04
2025-12-08T12:22:58.822292 | 50045 | F70C2D0F023D2C3F | 2.1544122827e-04
2025-12-08T12:22:58.822389 | 50048 | 4C48AF85A71E2EBF | -2.2979540776e-04
2025-12-08T12:22:58.822629 | 50042 | 7CDA5C49E823EE3E | 1.4371997434e-05
2025-12-08T12:22:58.822733 | 50049 | 1C53859E34AD36BF | -3.4601721429e-04
2025-12-08T12:22:58.822891 | 50046 | A8E356D627BF333F | 3.0131075468e-04
2025-12-08T12:22:58.824108 | 50047 | EB0FA8DC1CF126BF | -1.7503239935e-04
2025-12-08T12:22:58.921671 | 50042 | 3234163FB0E1D1BE | -4.2633046048e-06
2025-12-08T12:22:58.922072 | 50040 | EEA7AE668768F4BE | -1.9462886865e-05
2025-12-08T12:22:58.922217 | 50046 | E8A44A0015262D3F | 2.2238737451e-04
2025-12-08T12:22:58.922379 | 50043 | 6CDF29423C11F83E | 2.2952390405e-05
2025-12-08T12:22:58.922517 | 50049 | 145D2B478018003F | 3.0700125441e-05
2025-12-08T12:22:58.922781 | 50039 | 1E289C803106F53E | 2.0050232741e-05
2025-12-08T12:22:58.922872 | 50047 | 34A194E44820083F | 4.6016907229e-05
2025-12-08T12:22:58.922921 | 50041 | 6B38C00D65A4F8BE | -2.3500601728e-05
2025-12-08T12:22:58.922979 | 50044 | 20C5F5021A93123F | 7.0856535549e-05
2025-12-08T12:22:58.923512 | 50038 | E39025CD566C053F | 4.0861510245e-05
2025-12-08T12:22:58.923632 | 50048 | 45F8C915C28B30BF | -2.5247085959e-04
2025-12-08T12:22:58.923660 | 50045 | BB74C0A2FD6E3E3F | 4.6437923698e-04
2025-12-08T12:22:59.022034 | 50038 | A1D35D4630CAF93E | 2.4595069042e-05
2025-12-08T12:22:59.022590 | 50041 | 246333637108DDBE | -6.9220018759e-06
2025-12-08T12:22:59.022984 | 50048 | 4BD01B99D55D41BF | -5.2998475641e-04
2025-12-08T12:22:59.023089 | 50045 | EFE12C1132D2403F | 5.1333851511e-04
2025-12-08T12:22:59.023148 | 50047 | F928E093EA7530BF | -2.5116898530e-04
2025-12-08T12:22:59.023322 | 50043 | A6CCE3FB8C27093F | 4.7978391636e-05
2025-12-08T12:22:59.023375 | 50040 | E61458069CA6F6BE | -2.1601503610e-05
2025-12-08T12:22:59.024310 | 50044 | C930879B78A11B3F | 1.0540293341e-04
2025-12-08T12:22:59.024400 | 50046 | 3C37CBA6D8B7283F | 1.8858451531e-04
2025-12-08T12:22:59.024440 | 50042 | FBB62ECE3D4FE2BE | -8.7306675079e-06
2025-12-08T12:22:59.025346 | 50049 | 746F6A76DC8F1C3F | 1.0895522210e-04
2025-12-08T12:22:59.025381 | 50039 | E8876294DCE3F23E | 1.8014988449e-05
2025-12-08T12:22:59.122700 | 50039 | B7F4DA314389F73E | 2.2445851860e-05
2025-12-08T12:22:59.123522 | 50040 | A86265227D6809BF | -4.8462218092e-05
2025-12-08T12:22:59.123585 | 50041 | 35EA24FB238500BF | -3.1509552530e-05
2025-12-08T12:22:59.123831 | 50045 | 400CBEC7892E3B3F | 4.1476119781e-04
2025-12-08T12:22:59.125816 | 50038 | 5EF41169A29C013F | 3.3591944097e-05
2025-12-08T12:22:59.127430 | 50048 | C91A96E5988337BF | -3.5879595597e-04
2025-12-08T12:22:59.127503 | 50042 | 380CC5479401EEBE | -1.4308056273e-05
2025-12-08T12:22:59.127732 | 50046 | AC36134A5B3B363F | 3.3923128838e-04
2025-12-08T12:22:59.127845 | 50047 | 009E71379A600EBF | -5.7940203015e-05
2025-12-08T12:22:59.127967 | 50043 | 406B45F9430BF63E | 2.1022802302e-05
2025-12-08T12:22:59.128621 | 50044 | 7616ABE2A4D7253F | 1.6664397966e-04
2025-12-08T12:22:59.128790 | 50049 | 121BCF473F81113F | 6.6775786720e-05
2025-12-08T12:22:59.225582 | 50039 | E2E576DB07C7E2BE | -8.9537924016e-06
2025-12-08T12:22:59.225682 | 50045 | 60BC413BC1C43B3F | 4.2371480527e-04
2025-12-08T12:22:59.225780 | 50049 | ECB82C9F55ED32BF | -2.8880443931e-04
2025-12-08T12:22:59.226725 | 50041 | 5B229BEE3CC707BF | -4.5353457450e-05
2025-12-08T12:22:59.226806 | 50048 | 36182E48B80815BF | -8.0238578489e-05
2025-12-08T12:22:59.226851 | 50046 | F8C0622254E706BF | -4.3685202671e-05
2025-12-08T12:22:59.227064 | 50043 | E40FC992CB77083F | 4.6668911044e-05
2025-12-08T12:22:59.227100 | 50044 | C2BA28DFA03D2A3F | 2.0020092741e-04
2025-12-08T12:22:59.227139 | 50038 | 0C913799D0DBFE3E | 2.9429103575e-05
2025-12-08T12:22:59.227575 | 50047 | 93452C26BF4C39BF | -3.8604418494e-04
2025-12-08T12:22:59.227632 | 50042 | 6D5CC3E8BC32D3BE | -4.5772063794e-06
2025-12-08T12:22:59.227733 | 50040 | FC1AA752B4F4DDBE | -7.1420375129e-06
2025-12-08T12:22:59.326530 | 50042 | 34FE300981D0F53E | 2.0803898746e-05
2025-12-08T12:22:59.326663 | 50047 | 0E8A3CB60D8F39BF | -3.8999638331e-04
2025-12-08T12:22:59.326587 | 50043 | 7CB2BED08B2E063F | 4.2308465793e-05
2025-12-08T12:22:59.326761 | 50038 | E429A9A5D293053F | 4.1155687275e-05
2025-12-08T12:22:59.326891 | 50049 | 15FC9384E15030BF | -2.4896150406e-04
2025-12-08T12:22:59.327053 | 50039 | 00BA787DA29B59BE | -2.3849260204e-08
2025-12-08T12:22:59.327272 | 50048 | C40CA05AEAA035BF | -3.3002587827e-04
2025-12-08T12:22:59.327394 | 50040 | C542402C05DDF4BE | -1.9896850759e-05
2025-12-08T12:22:59.327452 | 50046 | AB276F65E22B2A3F | 1.9967211366e-04
2025-12-08T12:22:59.327880 | 50044 | BE20CE23CA2D323F | 2.7738747649e-04
2025-12-08T12:22:59.328204 | 50041 | 2EF7638793450ABF | -5.0109448170e-05
2025-12-08T12:22:59.328324 | 50045 | 0B062BFDB4F4393F | 3.9605539966e-04
2025-12-08T12:22:59.426034 | 50045 | 7A9704D8B7E03F3F | 4.8641670584e-04
2025-12-08T12:22:59.426799 | 50049 | 1229425133D237BF | -3.6348107211e-04
2025-12-08T12:22:59.427101 | 50039 | E8692E065194C6BE | -2.6916696227e-06
2025-12-08T12:22:59.427424 | 50043 | 923E41237445013F | 3.2942396871e-05
2025-12-08T12:22:59.427471 | 50047 | B44EF310488B0C3F | 5.4443489825e-05
2025-12-08T12:22:59.427516 | 50044 | C85EFC383BDF3E3F | 4.7106929650e-04
2025-12-08T12:22:59.427888 | 50038 | 3800A0BD31BEE13E | 8.4604961792e-06
2025-12-08T12:22:59.427962 | 50040 | 22D4595B041509BF | -4.7840304814e-05
2025-12-08T12:22:59.428012 | 50048 | DEE48448781032BF | -2.7563988307e-04
2025-12-08T12:22:59.428057 | 50041 | DCC7F38EE84AD0BE | -3.8844611787e-06
2025-12-08T12:22:59.428083 | 50042 | FF4ED6895099E33E | 9.3454767079e-06
2025-12-08T12:22:59.428441 | 50046 | 7E06267324F102BF | -3.6128926143e-05
2025-12-08T12:22:59.526345 | 50043 | 2A21E27DAC16FE3E | 2.8694695964e-05
2025-12-08T12:22:59.526464 | 50039 | 907377EC735DEF3E | 1.4956021359e-05
2025-12-08T12:22:59.526740 | 50041 | C195126428EA02BF | -3.6076886780e-05
2025-12-08T12:22:59.527240 | 50042 | 0E40D7C75D2ECBBE | -3.2402418231e-06
2025-12-08T12:22:59.527498 | 50040 | 9029BBAB2B0703BF | -3.6293049076e-05
2025-12-08T12:22:59.527591 | 50049 | 608B21099578DB3E | 6.5496025333e-06
2025-12-08T12:22:59.527681 | 50038 | FF0E9D8361DCE93E | 1.2331420396e-05
2025-12-08T12:22:59.527790 | 50047 | C71A39E0F4D827BF | -1.8194188316e-04
2025-12-08T12:22:59.527901 | 50044 | 2B377AD80D7E283F | 1.8686217321e-04
2025-12-08T12:22:59.528125 | 50045 | BAE39A6362962F3F | 2.4099303282e-04
2025-12-08T12:22:59.528402 | 50046 | 5613D2550FE209BF | -4.9367993349e-05
2025-12-08T12:22:59.528627 | 50048 | AFC31F58867E36BF | -3.4323482407e-04
2025-12-08T12:22:59.626969 | 50047 | 5649534902A130BF | -2.5373750516e-04
2025-12-08T12:22:59.627087 | 50049 | 5A318B4CC4E91F3F | 1.2173901190e-04
2025-12-08T12:22:59.627154 | 50043 | D708C17B16F0F53E | 2.0921557493e-05
2025-12-08T12:22:59.627175 | 50044 | 1340C8874B092F3F | 2.3678824427e-04
2025-12-08T12:22:59.627261 | 50048 | FFBFAD1B667323BF | -1.4839765012e-04
2025-12-08T12:22:59.627916 | 50038 | 628A7FEE16A8F93E | 2.4468040379e-05
2025-12-08T12:22:59.627975 | 50039 | 6A11A007A61BFBBE | -2.5852205432e-05
2025-12-08T12:22:59.628026 | 50040 | E060B43E4B60C9BE | -3.0250725921e-06
2025-12-08T12:22:59.628098 | 50041 | 18145C5321DBFEBE | -2.9426553019e-05
2025-12-08T12:22:59.628148 | 50042 | 6A22AD8E0169D6BE | -5.3430032761e-06
2025-12-08T12:22:59.628195 | 50045 | D8876D324B3F293F | 1.9262116367e-04
2025-12-08T12:22:59.628240 | 50046 | 04FF29F9DE6F213F | 1.3303372232e-04
2025-12-08T12:22:59.727232 | 50038 | EF7D0E15EB4DEB3E | 1.3019737396e-05
2025-12-08T12:22:59.727296 | 50039 | 805A2A069781EB3E | 1.3115983341e-05
2025-12-08T12:22:59.727337 | 50040 | C6E4CF5F7BBCF7BE | -2.2636659185e-05
2025-12-08T12:22:59.727376 | 50041 | 34C3B0E77DA309BF | -4.8901824777e-05
2025-12-08T12:22:59.727413 | 50042 | 948525F581FFF13E | 1.7164303537e-05
2025-12-08T12:22:59.727473 | 50044 | 6EBA814969AB223F | 1.4243755573e-04
2025-12-08T12:22:59.727858 | 50043 | AA8AC16DC74A023F | 3.4889422495e-05
2025-12-08T12:22:59.728889 | 50048 | 4451E4EAF14635BF | -3.2466322126e-04
2025-12-08T12:22:59.729483 | 50049 | FE2EEB10AFAA21BF | -1.3478648221e-04
2025-12-08T12:22:59.729590 | 50045 | E8C092248D8A373F | 3.5921045180e-04
2025-12-08T12:22:59.729674 | 50046 | 14DC1788C99B333F | 2.9920263486e-04
2025-12-08T12:22:59.729818 | 50047 | 521CDB59669737BF | -3.5997628025e-04
2025-12-08T12:22:59.828733 | 50046 | 72CC290C13B6353F | 3.3128705051e-04
2025-12-08T12:22:59.829318 | 50039 | 50C616DF3716D1BE | -4.0738082005e-06
2025-12-08T12:22:59.829531 | 50040 | 3A0E9207F40EE0BE | -7.6572471122e-06
2025-12-08T12:22:59.829793 | 50044 | E935C91B919C253F | 1.6488334031e-04
2025-12-08T12:22:59.829893 | 50038 | 809D76BD3A2BCE3E | 3.5964089695e-06
2025-12-08T12:22:59.829946 | 50048 | 9277EF8FC24428BF | -1.8515467670e-04
2025-12-08T12:22:59.830139 | 50047 | 28EB039E0C0FF7BE | -2.1990572237e-05
2025-12-08T12:22:59.830245 | 50041 | DF3008C9C8FF06BF | -4.3867411595e-05
2025-12-08T12:22:59.830428 | 50042 | 5C5DC6F549D2F1BE | -1.6995850602e-05
2025-12-08T12:22:59.830562 | 50045 | 7A4DA9E14487383F | 3.7427360227e-04
2025-12-08T12:22:59.831009 | 50049 | F07FEA673D19EB3E | 1.2921616187e-05
2025-12-08T12:22:59.831290 | 50043 | 9D2F6C798395F13E | 1.6769444836e-05
2025-12-08T12:22:59.928524 | 50038 | 81420752A6CBFB3E | 2.6507860754e-05
2025-12-08T12:22:59.928648 | 50039 | 4F5C6CC6BC33F13E | 1.6405200223e-05
2025-12-08T12:22:59.929481 | 50047 | C5BB8E1E2BD226BF | -1.7411018714e-04
2025-12-08T12:22:59.929559 | 50046 | 0AAD9FC83F8620BF | -1.2607124910e-04
2025-12-08T12:22:59.930025 | 50041 | 4001DA7F9703BDBE | -1.7293709783e-06
2025-12-08T12:22:59.930077 | 50042 | D2C1C91E743AF33E | 1.8337568621e-05
2025-12-08T12:22:59.930148 | 50045 | 9D12E8BC5634203F | 1.2363013089e-04
2025-12-08T12:22:59.930221 | 50049 | CA213FB2373617BF | -8.8545941764e-05
2025-12-08T12:22:59.930284 | 50044 | 4C561AB3CF06173F | 8.7839533786e-05
2025-12-08T12:22:59.930549 | 50040 | 9C5321FC9D61D8BE | -5.8129589338e-06
2025-12-08T12:22:59.930822 | 50048 | 67B70397160F40BF | -4.9007990859e-04
2025-12-08T12:22:59.931211 | 50043 | 20C3D51AA1E5DE3E | 7.3664163386e-06
2025-12-08T12:23:00.029173 | 50039 | 93366940B0EAF43E | 1.9947769056e-05
2025-12-08T12:23:00.030138 | 50038 | 125D29B3595B063F | 4.2642283365e-05
2025-12-08T12:23:00.030494 | 50044 | 88A3C30BFB070E3F | 5.7279919447e-05
2025-12-08T12:23:00.030585 | 50046 | E11597E0A83F293F | 1.9263206950e-04
2025-12-08T12:23:00.030751 | 50041 | D06D8C1FD8F8D1BE | -4.2848700950e-06
2025-12-08T12:23:00.030802 | 50040 | FE23DAB3B47BE0BE | -7.8598146687e-06
2025-12-08T12:23:00.030920 | 50048 | 72F26B3763C634BF | -3.1700060155e-04
2025-12-08T12:23:00.031014 | 50043 | 4294A526169DEE3E | 1.4597711204e-05
2025-12-08T12:23:00.031268 | 50042 | 8C8C0522C2B4F63E | 2.1654212220e-05
2025-12-08T12:23:00.031323 | 50045 | 9A1DA5A2EC3F343F | 3.0898596983e-04
2025-12-08T12:23:00.031419 | 50047 | 92B906D25F693CBF | -4.3352689138e-04
2025-12-08T12:23:00.031471 | 50049 | 70AB99AED88F073F | 4.4940757857e-05
2025-12-08T12:23:00.129962 | 50039 | E7699911F9DDF8BE | -2.3715097177e-05
2025-12-08T12:23:00.130207 | 50038 | EAED33D3EB3E073F | 4.4337817963e-05
2025-12-08T12:23:00.130376 | 50046 | D41EBFF5879D22BF | -1.4202389400e-04
2025-12-08T12:23:00.130325 | 50043 | 60A2420F737CBC3E | 1.6979056996e-06
2025-12-08T12:23:00.130610 | 50044 | B436DAC94F13353F | 3.2158563577e-04
2025-12-08T12:23:00.130685 | 50040 | D6F9561E842F01BF | -3.2778949201e-05
2025-12-08T12:23:00.130804 | 50042 | 9A08D6CF361BF4BE | -1.9174866784e-05
2025-12-08T12:23:00.130921 | 50041 | 1C3C273D563ED2BE | -4.3495901587e-06
2025-12-08T12:23:00.130995 | 50048 | 20138BA2BDCF3ABF | -4.0911082992e-04
2025-12-08T12:23:00.131144 | 50049 | F426CC72E55812BF | -6.9989208623e-05
2025-12-08T12:23:00.131879 | 50045 | 38BF2F5C230A413F | 5.2000738685e-04
2025-12-08T12:23:00.131951 | 50047 | 2CD07B7ED35D073F | 4.4568077838e-05
2025-12-08T12:23:00.232299 | 50039 | 8B1FAC7C0D77FFBE | -3.0007409616e-05
2025-12-08T12:23:00.232415 | 50047 | AA8E9A48AE9536BF | -3.4461503001e-04
2025-12-08T12:23:00.232595 | 50041 | E2F380B6532DF5BE | -2.0196016891e-05
2025-12-08T12:23:00.232818 | 50045 | 72F1EC3959833F3F | 4.8085144401e-04
2025-12-08T12:23:00.234804 | 50048 | 8FFC2EC12C8833BF | -2.9803364412e-04
2025-12-08T12:23:00.235024 | 50044 | AFFEC3F32EEC373F | 3.6502977652e-04
2025-12-08T12:23:00.235921 | 50043 | 3812F4400EC2033F | 3.7685451497e-05
2025-12-08T12:23:00.235947 | 50038 | 0BA02ED21CD2073F | 4.5434479282e-05
2025-12-08T12:23:00.235971 | 50042 | F62B12AFFBA4CEBE | -3.6531049479e-06
2025-12-08T12:23:00.236320 | 50046 | 00B514D3E931263F | 1.6933421424e-04
2025-12-08T12:23:00.236436 | 50049 | 1AD4B9BDCF6F26BF | -1.7117892172e-04
2025-12-08T12:23:00.236555 | 50040 | A3F1D07050B409BF | -4.9027161460e-05
2025-12-08T12:23:00.331813 | 50039 | 686F56857927FBBE | -2.5896261226e-05
2025-12-08T12:23:00.332025 | 50038 | 1D43B96D499B043F | 3.9303949703e-05
2025-12-08T12:23:00.332110 | 50042 | 09B22199FF52EF3E | 1.4936548528e-05
2025-12-08T12:23:00.332204 | 50047 | 4EC6537BEDC325BF | -1.6605638454e-04
2025-12-08T12:23:00.332361 | 50049 | 4CE7E79B44F435BF | -3.3499407792e-04
2025-12-08T12:23:00.332445 | 50048 | 18D6B4F2421536BF | -3.3696064448e-04
2025-12-08T12:23:00.332506 | 50040 | 22FFE261665D08BF | -4.6472250902e-05
2025-12-08T12:23:00.332709 | 50041 | A365B576E6A201BF | -3.3638628191e-05
2025-12-08T12:23:00.332750 | 50045 | 8490377F1C861A3F | 1.0118054325e-04
2025-12-08T12:23:00.332815 | 50044 | 02B4C133F4303C3F | 4.3016397445e-04
2025-12-08T12:23:00.333330 | 50046 | F7A9A799519E2B3F | 2.1071191880e-04
2025-12-08T12:23:00.333394 | 50043 | 9A3F74BB4FF4033F | 3.8059886203e-05
2025-12-08T12:23:00.432390 | 50039 | 697349939614F8BE | -2.2964880559e-05
2025-12-08T12:23:00.433353 | 50047 | 903C0D1BA6EE09BF | -4.9461788314e-05
2025-12-08T12:23:00.433482 | 50048 | CCFE96F09C983DBF | -4.5160132921e-04
2025-12-08T12:23:00.433577 | 50038 | D3E5D1DA3814F53E | 2.0102493796e-05
2025-12-08T12:23:00.433668 | 50046 | 5DE46FFA32A9163F | 8.6444603411e-05
2025-12-08T12:23:00.433886 | 50049 | DA4F34BB1439063F | 4.2386956375e-05
2025-12-08T12:23:00.434345 | 50041 | 34982E6397AA03BF | -3.7510628679e-05
2025-12-08T12:23:00.434425 | 50040 | 5696C2EBAA26F5BE | -2.0171208903e-05
2025-12-08T12:23:00.434668 | 50043 | 5E0120116E39033F | 3.6667510486e-05
2025-12-08T12:23:00.434891 | 50042 | BFA3A293D397DCBE | -6.8171196352e-06
2025-12-08T12:23:00.435124 | 50045 | D186C860F5DA3A3F | 4.0977945972e-04
2025-12-08T12:23:00.435157 | 50044 | 744D273327F6263F | 1.7518261445e-04
2025-12-08T12:23:00.532558 | 50038 | 90B439A8D5EFB13E | 1.0691198050e-06
2025-12-08T12:23:00.533258 | 50041 | 022674B3E5AAE7BE | -1.1285575609e-05
2025-12-08T12:23:00.533478 | 50039 | F29D3C342C0DDCBE | -6.6879882217e-06
2025-12-08T12:23:00.533559 | 50043 | 8BF5EE211FE4033F | 3.7939262476e-05
2025-12-08T12:23:00.533793 | 50042 | 7212A63326C9B73E | 1.4177405335e-06
2025-12-08T12:23:00.533865 | 50049 | F3BCD27B884021BF | -1.3162294446e-04
2025-12-08T12:23:00.533921 | 50040 | 06B0F26A6C60E7BE | -1.1146857416e-05
2025-12-08T12:23:00.533970 | 50045 | 9A75670A44D6283F | 1.8949108671e-04
2025-12-08T12:23:00.534027 | 50044 | 58EB78169A9E323F | 2.8411161336e-04
2025-12-08T12:23:00.534410 | 50048 | 0A1E9CBC8A8C3ABF | -4.0510546806e-04
2025-12-08T12:23:00.534502 | 50047 | 68E23E7E19BD3BBF | -4.2325851814e-04
2025-12-08T12:23:00.534531 | 50046 | BE8822E86A4621BF | -1.3179831519e-04
2025-12-08T12:23:00.632997 | 50038 | 9C045ACE89BA073F | 4.5258837230e-05
2025-12-08T12:23:00.634067 | 50043 | C01C19D39A82F33E | 1.8606352745e-05
2025-12-08T12:23:00.634156 | 50045 | 51ABA1EDFFCE243F | 1.5875696301e-04
2025-12-08T12:23:00.634236 | 50044 | A5D75D5F54703E3F | 4.6445903660e-04
2025-12-08T12:23:00.634295 | 50040 | 00701C01AD400ABF | -5.0072936700e-05
2025-12-08T12:23:00.634416 | 50049 | 13EEA0F67AA328BF | -1.8797756212e-04
2025-12-08T12:23:00.634864 | 50047 | 9FCE363B58E127BF | -1.8219186823e-04
2025-12-08T12:23:00.634926 | 50046 | D84D5C05E44F233F | 1.4733942469e-04
2025-12-08T12:23:00.634997 | 50039 | F8CCC73EBD94F1BE | -1.6766560224e-05
2025-12-08T12:23:00.635048 | 50048 | D75685521C4A3ABF | -4.0114585365e-04
2025-12-08T12:23:00.635298 | 50041 | 4518DEA9F636EFBE | -1.4884329456e-05
2025-12-08T12:23:00.635690 | 50042 | D89F983A6475D6BE | -5.3545381120e-06
2025-12-08T12:23:00.734811 | 50039 | 08A6CAEB3977E9BE | -1.2143005159e-05
2025-12-08T12:23:00.735792 | 50038 | B8906EE2EB5E033F | 3.6946843742e-05
2025-12-08T12:23:00.737936 | 50044 | 9E333A782FE1343F | 3.1859787871e-04
2025-12-08T12:23:00.739134 | 50045 | FCA80F0C6123373F | 3.5306090655e-04
2025-12-08T12:23:00.739245 | 50043 | DB9BAA53CA6FFC3E | 2.7119332325e-05
2025-12-08T12:23:00.739326 | 50047 | 1AFDF50EB0F33BBF | -4.2651222517e-04
2025-12-08T12:23:00.739437 | 50041 | 50237C8A5F0107BF | -4.3879249743e-05
2025-12-08T12:23:00.739659 | 50046 | C213D8086FBE293F | 1.9641023066e-04
2025-12-08T12:23:00.739748 | 50042 | A4D1034B04D7D7BE | -5.6838772908e-06
2025-12-08T12:23:00.739847 | 50048 | FB1301D600973DBF | -4.5150537881e-04
2025-12-08T12:23:00.739877 | 50049 | 496505C02D2424BF | -1.5366610024e-04
2025-12-08T12:23:00.740315 | 50040 | 80F9242C1D0804BF | -3.8207426331e-05
2025-12-08T12:23:00.834681 | 50039 | AB67FB6B4874DDBE | -7.0224356816e-06
2025-12-08T12:23:00.836044 | 50045 | 842222B7846D163F | 8.5555291465e-05
2025-12-08T12:23:00.836544 | 50042 | 18AEEF821749EBBE | -1.3010747436e-05
2025-12-08T12:23:00.836458 | 50043 | B2B81AEF5807013F | 3.2479669142e-05
2025-12-08T12:23:00.836972 | 50049 | 56934B95EFF330BF | -2.5868033599e-04
2025-12-08T12:23:00.837081 | 50038 | 8CFC136AE7BBFD3E | 2.8356551984e-05
2025-12-08T12:23:00.837191 | 50044 | 4E9C4A82E722323F | 2.7673866343e-04
2025-12-08T12:23:00.837297 | 50046 | C0158F1519CF313F | 2.7174341590e-04
2025-12-08T12:23:00.837398 | 50041 | 00079E74F9FC753E | 8.1912358811e-08
2025-12-08T12:23:00.837597 | 50047 | 47826F6F73262BBF | -2.0713957903e-04
2025-12-08T12:23:00.837676 | 50048 | 6659EB5AAADC10BF | -6.4323327688e-05
2025-12-08T12:23:00.838266 | 50040 | 21230DC453D0F7BE | -2.2710588613e-05
2025-12-08T12:23:00.935679 | 50042 | AEA502C0ED23E4BE | -9.6036656035e-06
2025-12-08T12:23:00.935771 | 50043 | 9D0D06711C98F73E | 2.2501167281e-05
2025-12-08T12:23:00.936285 | 50041 | FB6D8E223204EBBE | -1.2882418632e-05
2025-12-08T12:23:00.936374 | 50045 | CEB677FD47D4403F | 5.1358714239e-04
2025-12-08T12:23:00.936464 | 50046 | 0A6699ACA4E927BF | -1.8243918594e-04
2025-12-08T12:23:00.936508 | 50040 | E603C8A9F9B700BF | -3.1888300530e-05
2025-12-08T12:23:00.936561 | 50038 | 1CBE12B639C5FF3E | 3.0298625806e-05
2025-12-08T12:23:00.936650 | 50048 | BBA516F4B22931BF | -2.6188487035e-04
2025-12-08T12:23:00.936808 | 50044 | 4E006B7FD1272A3F | 1.9955093713e-04
2025-12-08T12:23:00.937106 | 50049 | 2E91ACC1F61537BF | -3.5226129846e-04
2025-12-08T12:23:00.937451 | 50039 | 28D0579C7E79FFBE | -3.0016506363e-05
2025-12-08T12:23:00.937568 | 50047 | 8163E37045712DBF | -2.2462818783e-04
2025-12-08T12:23:01.035958 | 50038 | FCD6F7BCA5BB033F | 3.7637706210e-05
2025-12-08T12:23:01.036124 | 50045 | DE37CC25A043273F | 1.7749147346e-04
2025-12-08T12:23:01.036241 | 50044 | 0B785C257F90313F | 2.6801208638e-04
2025-12-08T12:23:01.036913 | 50046 | 8AF45386D68012BF | -7.0584386396e-05
2025-12-08T12:23:01.037232 | 50042 | 5C12E602BC07EE3E | 1.4319521225e-05
2025-12-08T12:23:01.037326 | 50039 | 65467A5B3D2CF8BE | -2.3052989234e-05
2025-12-08T12:23:01.037387 | 50041 | 2D54DC38AE7103BF | -3.7086610162e-05
2025-12-08T12:23:01.037671 | 50040 | A81891A3265FF9BE | -2.4196322759e-05
2025-12-08T12:23:01.037889 | 50048 | BC2DB09811FB20BF | -1.2955274391e-04
2025-12-08T12:23:01.038039 | 50047 | 629D7EFBA0183BBF | -4.1345529780e-04
2025-12-08T12:23:01.038568 | 50043 | FB2C55DBA50CFF3E | 2.9611020826e-05
2025-12-08T12:23:01.038740 | 50049 | 341929578F7213BF | -7.4186323936e-05
2025-12-08T12:23:01.136553 | 50038 | 3E9B7DDCD37EF33E | 1.8592281577e-05
2025-12-08T12:23:01.136937 | 50044 | D8B069E428DB373F | 3.6401508661e-04
2025-12-08T12:23:01.137562 | 50046 | 6F523503EA5513BF | -7.3759468070e-05
2025-12-08T12:23:01.137608 | 50049 | 67057629705122BF | -1.3975614705e-04
2025-12-08T12:23:01.137665 | 50042 | 568822AC47BEDEBE | -7.3297694049e-06
2025-12-08T12:23:01.137715 | 50039 | 1C7DD73D537BEE3E | 1.4534825762e-05
2025-12-08T12:23:01.137767 | 50040 | 370CD9867DEEECBE | -1.3795663303e-05
2025-12-08T12:23:01.137816 | 50045 | 5117DC485F70363F | 3.4239126477e-04
2025-12-08T12:23:01.138337 | 50048 | 32CD33D190003CBF | -4.2727981163e-04
2025-12-08T12:23:01.138651 | 50041 | 8835299B941102BF | -3.4463260267e-05
2025-12-08T12:23:01.138813 | 50047 | 20E72408771C1CBF | -1.0723568451e-04
2025-12-08T12:23:01.138893 | 50043 | 2B00FF97B24B033F | 3.6803615330e-05
2025-12-08T12:23:01.237803 | 50042 | 62D89131912DEFBE | -1.4866827359e-05
2025-12-08T12:23:01.239112 | 50044 | BA335D675C3D263F | 1.6967537857e-04
2025-12-08T12:23:01.239211 | 50046 | 86CE4BCDA59A26BF | -1.7245553922e-04
2025-12-08T12:23:01.239424 | 50048 | ABFFBCFAFD2735BF | -3.2281828566e-04
2025-12-08T12:23:01.239481 | 50041 | 9033CE24996CC13E | 2.0771279083e-06
2025-12-08T12:23:01.239524 | 50043 | DDA4EBB96013083F | 4.5920743323e-05
2025-12-08T12:23:01.239664 | 50047 | 24BD513497933CBF | -4.3604318154e-04
2025-12-08T12:23:01.241313 | 50045 | C5CFF7E8F322223F | 1.3837077539e-04
2025-12-08T12:23:01.241561 | 50039 | 6D543D823DABE7BE | -1.1286214494e-05
2025-12-08T12:23:01.241769 | 50040 | 600350A4A531F2BE | -1.7351087326e-05
2025-12-08T12:23:01.241918 | 50049 | 7320BB87372F37BF | -3.5376649587e-04
2025-12-08T12:23:01.242197 | 50038 | 480740E23FDCCF3E | 3.7980496632e-06
2025-12-08T12:23:01.337482 | 50038 | B2EFD62D871DFF3E | 2.9673904341e-05
2025-12-08T12:23:01.338983 | 50039 | 78BEDEF343A8F9BE | -2.4468695521e-05
2025-12-08T12:23:01.339531 | 50042 | 28BCDD3C5002EFBE | -1.4786261001e-05
2025-12-08T12:23:01.341928 | 50048 | B4061518A7F322BF | -1.4459051821e-04
2025-12-08T12:23:01.342674 | 50046 | 4E47DE5379B1193F | 9.8011999368e-05
2025-12-08T12:23:01.342841 | 50049 | 87EEF2D1632625BF | -1.6136139400e-04
2025-12-08T12:23:01.343254 | 50041 | 611F9FF5479D06BF | -4.3133505371e-05
2025-12-08T12:23:01.343427 | 50040 | 7B8CDB37409A03BF | -3.7388882431e-05
2025-12-08T12:23:01.343722 | 50045 | 8804551A36D0283F | 1.8931065021e-04
2025-12-08T12:23:01.343877 | 50043 | F3C737175F64FD3E | 2.8030467957e-05
2025-12-08T12:23:01.343972 | 50047 | 8C4A0FD5487139BF | -3.8822200901e-04
2025-12-08T12:23:01.344888 | 50044 | 46140B62A4B9223F | 1.4286166790e-04
2025-12-08T12:23:01.438442 | 50038 | 4260C983A152D23E | 4.3684904623e-06
2025-12-08T12:23:01.438520 | 50044 | A34A6CE5F2D2363F | 3.4826688845e-04
2025-12-08T12:23:01.438567 | 50045 | 6A2AF9AEDA79303F | 2.5140370324e-04
2025-12-08T12:23:01.438605 | 50046 | B8B9F3648A16ECBE | -1.3393425574e-05
2025-12-08T12:23:01.438640 | 50047 | 40A3997E860F32BF | -2.7558358725e-04
2025-12-08T12:23:01.439082 | 50039 | 0494C56DE469C1BE | -2.0758678671e-06
2025-12-08T12:23:01.440630 | 50041 | 79C28A88B948FFBE | -2.9834824576e-05
2025-12-08T12:23:01.440740 | 50040 | 4AC61C87142BFBBE | -2.5909692744e-05
2025-12-08T12:23:01.440811 | 50042 | 30C730F977E9AC3E | 8.6164435443e-07
2025-12-08T12:23:01.440856 | 50043 | 0FDC0DAA6DD7F93E | 2.4644391150e-05
2025-12-08T12:23:01.440982 | 50049 | 9627EA8B677133BF | -2.9667642586e-04
2025-12-08T12:23:01.441231 | 50048 | DC79DE9DDE4621BF | -1.3181178559e-04
2025-12-08T12:23:01.539527 | 50041 | FFD1E058912CEDBE | -1.3911291514e-05
2025-12-08T12:23:01.539831 | 50039 | 8992FA4D0CC200BF | -3.1963348872e-05
2025-12-08T12:23:01.540000 | 50040 | C0C6062ADA58D6BE | -5.3279588034e-06
2025-12-08T12:23:01.540069 | 50044 | 2274E79AD2E2293F | 1.9749470580e-04
2025-12-08T12:23:01.540174 | 50046 | 46B489A9E879253F | 1.6385045162e-04
2025-12-08T12:23:01.540242 | 50042 | 81B11B5A8C76EDBE | -1.4049090911e-05
2025-12-08T12:23:01.540683 | 50049 | 404E9506D44E083F | 4.6363683235e-05
2025-12-08T12:23:01.540807 | 50047 | A818A5D116BEF2BE | -1.7874274911e-05
2025-12-08T12:23:01.540854 | 50045 | 76C252F603C4203F | 1.2791202895e-04
2025-12-08T12:23:01.540881 | 50048 | 28107DBCE0F317BF | -9.1372100653e-05
2025-12-08T12:23:01.540924 | 50038 | FCA4C9BEE45D033F | 3.6939185382e-05
2025-12-08T12:23:01.541244 | 50043 | 9E5511052265E73E | 1.1155629325e-05
2025-12-08T12:23:01.639653 | 50038 | 0604852DC57C063F | 4.2891280545e-05
2025-12-08T12:23:01.640999 | 50040 | 58C2855463ADF9BE | -2.4487778576e-05
2025-12-08T12:23:01.641188 | 50045 | 70A6DFA751F3313F | 2.7390235471e-04
2025-12-08T12:23:01.641506 | 50043 | B0A9B37AFA11013F | 3.2558876535e-05
2025-12-08T12:23:01.641959 | 50039 | A21305C133E6F8BE | -2.3745753482e-05
2025-12-08T12:23:01.642086 | 50042 | BE8035744659F23E | 1.7498713772e-05
2025-12-08T12:23:01.642328 | 50046 | 09BA14E6030D29BF | -1.9112274735e-04
2025-12-08T12:23:01.642411 | 50049 | E21B5F6C3E492FBF | -2.3869406703e-04
2025-12-08T12:23:01.642572 | 50048 | B5DC1B9102EF3ABF | -4.1097462336e-04
2025-12-08T12:23:01.642428 | 50047 | 40B29CFBA27127BF | -1.7886271035e-04
2025-12-08T12:23:01.642377 | 50044 | 82ADCE330C69173F | 8.9303369306e-05
2025-12-08T12:23:01.643025 | 50041 | 576F2C274879E8BE | -1.1669996842e-05
2025-12-08T12:23:01.740056 | 50038 | 642258761731033F | 3.6605385315e-05
2025-12-08T12:23:01.740404 | 50039 | CED6FAA1E534FEBE | -2.8807286184e-05
2025-12-08T12:23:01.740779 | 50043 | 04151C07123BE33E | 9.1699332390e-06
2025-12-08T12:23:01.740877 | 50049 | 7BB8BAD9E34636BF | -3.3991873509e-04
2025-12-08T12:23:01.740950 | 50040 | E480C68F58DAF3BE | -1.8933214038e-05
2025-12-08T12:23:01.741097 | 50048 | 5F33EEE9395B33BF | -2.9535449897e-04
2025-12-08T12:23:01.741172 | 50047 | E85130236F19F1BE | -1.6307212899e-05
2025-12-08T12:23:01.741338 | 50042 | FA022DA37621F13E | 1.6337124360e-05
2025-12-08T12:23:01.741394 | 50044 | 0E8F7C3B5487393F | 3.8953596548e-04
2025-12-08T12:23:01.741571 | 50045 | D201980F80923E3F | 4.6649576652e-04
2025-12-08T12:23:01.741639 | 50041 | 2AF1FF47451104BF | -3.8275648876e-05
2025-12-08T12:23:01.742152 | 50046 | 5B118899C2C822BF | -1.4331222043e-04
2025-12-08T12:23:01.841924 | 50042 | C5ECE2ED9FEDE63E | 1.0933028019e-05
2025-12-08T12:23:01.842018 | 50043 | 33AB7BF1949D0A3F | 5.0765140427e-05
2025-12-08T12:23:01.842065 | 50041 | E9251D43D84506BF | -4.2482054040e-05
2025-12-08T12:23:01.842158 | 50045 | 575F2B2D36833A3F | 4.0454933803e-04
2025-12-08T12:23:01.844717 | 50040 | 9D41541A8E5AFDBE | -2.7993899171e-05
2025-12-08T12:23:01.844850 | 50049 | 4841AD19829A24BF | -1.5719259394e-04
2025-12-08T12:23:01.845164 | 50048 | B49EBFC393CB37BF | -3.6308629546e-04
2025-12-08T12:23:01.846951 | 50047 | B96E5E6F13D339BF | -3.9405083168e-04
2025-12-08T12:23:01.847782 | 50039 | EE86B4609C9BF8BE | -2.3467879186e-05
2025-12-08T12:23:01.849567 | 50046 | D32CB70E461C313F | 2.6108465564e-04
2025-12-08T12:23:01.849683 | 50044 | F02AF29F351D403F | 4.9176329039e-04
2025-12-08T12:23:01.849793 | 50038 | BF7837BB7BA4F73E | 2.2547257414e-05
2025-12-08T12:23:01.941775 | 50038 | 0CD497127D8BF93E | 2.4361493308e-05
2025-12-08T12:23:01.941883 | 50039 | 1095D32AC738B8BE | -1.4437311322e-06
2025-12-08T12:23:01.941997 | 50046 | 561709C331932E3F | 2.3326857037e-04
2025-12-08T12:23:01.942292 | 50041 | 628695579B79ECBE | -1.3577950755e-05
2025-12-08T12:23:01.942346 | 50040 | 28ABD32DDA1AD3BE | -4.5549611205e-06
2025-12-08T12:23:01.942386 | 50042 | 7158029E0379F1BE | -1.6663276143e-05
2025-12-08T12:23:01.942478 | 50048 | 9A9E7AD4EEDC33BF | -3.0308562098e-04
2025-12-08T12:23:01.942559 | 50044 | 2E23B7D224E8383F | 3.8004778864e-04
2025-12-08T12:23:01.942679 | 50047 | F2F997E3E29018BF | -9.3711708267e-05
2025-12-08T12:23:01.942772 | 50049 | A5432CD4D3D0113F | 6.7961625103e-05
2025-12-08T12:23:01.942913 | 50043 | CDB12EB1B486053F | 4.1057957922e-05
2025-12-08T12:23:01.943111 | 50045 | 291B238C58E6323F | 2.8838788797e-04
2025-12-08T12:23:02.042605 | 50039 | EDEE67268FEBDABE | -6.4182646384e-06
2025-12-08T12:23:02.042680 | 50038 | 620E3069A696053F | 4.1176751573e-05
2025-12-08T12:23:02.042740 | 50040 | 62DD66F72D85FFBE | -3.0060036318e-05
2025-12-08T12:23:02.043486 | 50042 | 249121C31ECDE23E | 8.9651349279e-06
2025-12-08T12:23:02.045843 | 50044 | 78B8784D9DE4103F | 6.4441777220e-05
2025-12-08T12:23:02.046027 | 50045 | 18C27A1B762C013F | 3.2756189680e-05
2025-12-08T12:23:02.046114 | 50047 | 3563883181662CBF | -2.1667792386e-04
2025-12-08T12:23:02.046172 | 50048 | 408D2927957A24BF | -1.5624113765e-04
2025-12-08T12:23:02.046406 | 50043 | B413376A910B063F | 4.2047858439e-05
2025-12-08T12:23:02.046673 | 50041 | 15EC41A0DCFD03BF | -3.8131041976e-05
2025-12-08T12:23:02.046800 | 50046 | AF092722318A1A3F | 1.0124134909e-04
2025-12-08T12:23:02.047274 | 50049 | 424245146C1133BF | -2.9095543529e-04
2025-12-08T12:23:02.143194 | 50038 | 55189FE70CC4F63E | 2.1711179649e-05
2025-12-08T12:23:02.143307 | 50042 | 3E50CA050417C1BE | -2.0372754491e-06
2025-12-08T12:23:02.143410 | 50041 | CADF8264240DE4BE | -9.5612223422e-06
2025-12-08T12:23:02.143931 | 50046 | 82662D0A6498043F | 3.9282372447e-05
2025-12-08T12:23:02.144370 | 50047 | 06E9B4BA61231DBF | -1.1115344994e-04
2025-12-08T12:23:02.144597 | 50044 | C0DF6288B38CE63E | 1.0752494074e-05
2025-12-08T12:23:02.144732 | 50049 | 38E25B08F30D15BF | -8.0316504036e-05
2025-12-08T12:23:02.144803 | 50045 | F492D4F22925053F | 4.0331213635e-05
2025-12-08T12:23:02.144861 | 50043 | 5485EDCB7FEED33E | 4.7520726970e-06
2025-12-08T12:23:02.144942 | 50039 | 5E0D13CD3C30F1BE | -1.6392162085e-05
2025-12-08T12:23:02.145375 | 50048 | 01B0969ADDD63DBF | -4.5531187296e-04
2025-12-08T12:23:02.145835 | 50040 | 4CA33C2533810ABF | -5.0553677879e-05
2025-12-08T12:23:02.243628 | 50039 | A07FCFFB04DFAD3E | 8.9023023231e-07
2025-12-08T12:23:02.243939 | 50048 | 16FA90B35D9330BF | -2.5292432435e-04
2025-12-08T12:23:02.245112 | 50044 | E8AAD6CF891B3A3F | 3.9836992786e-04
2025-12-08T12:23:02.245056 | 50047 | 80EFB10F671CF5BE | -2.0132968512e-05
2025-12-08T12:23:02.245284 | 50041 | 0110B66A7D3203BF | -3.6615803164e-05
2025-12-08T12:23:02.245381 | 50043 | 8E599A4BCA1A083F | 4.5975969852e-05
2025-12-08T12:23:02.245572 | 50049 | 88B5CD202E7E18BF | -9.3432965696e-05
2025-12-08T12:23:02.245761 | 50046 | 699852F3D83F303F | 2.4794623034e-04
2025-12-08T12:23:02.245957 | 50040 | 2690008C30F5E1BE | -8.5629329761e-06
2025-12-08T12:23:02.246191 | 50038 | 5C520FD85711F93E | 2.3906466143e-05
2025-12-08T12:23:02.246259 | 50045 | B4049F6C0803413F | 5.1916037886e-04
2025-12-08T12:23:02.246713 | 50042 | 8B7617567E53ED3E | 1.3983796353e-05
2025-12-08T12:23:02.344173 | 50040 | 393099D7A613F6BE | -2.1054043350e-05
2025-12-08T12:23:02.344773 | 50039 | C77E8498BA4102BF | -3.4821993781e-05
2025-12-08T12:23:02.344813 | 50041 | 69EFBC8A3C0EFDBE | -2.7709590241e-05
2025-12-08T12:23:02.344991 | 50038 | A0DBF19CDC7EE93E | 1.2157227415e-05
2025-12-08T12:23:02.345098 | 50046 | 1814DD5A15D611BF | -6.8039945032e-05
2025-12-08T12:23:02.345170 | 50049 | F84B1E9CFF8DF73E | 2.2463494822e-05
2025-12-08T12:23:02.345300 | 50042 | F0BCA52E4F539F3E | 4.6678523682e-07
2025-12-08T12:23:02.345468 | 50045 | ECCEC39C0A6C1B3F | 1.0460676930e-04
2025-12-08T12:23:02.345859 | 50044 | FA0238D9FDE81C3F | 1.1028336876e-04
2025-12-08T12:23:02.345973 | 50043 | D82591A0776BFF3E | 2.9964250676e-05
2025-12-08T12:23:02.346007 | 50047 | FDFF77E6799D38BF | -3.7559724885e-04
2025-12-08T12:23:02.346186 | 50048 | 75A30964BB8226BF | -1.7174279675e-04
2025-12-08T12:23:02.447490 | 50039 | 904F6845E27FA83E | 7.3014337937e-07
2025-12-08T12:23:02.448253 | 50043 | 66A76530029FF23E | 1.7758490708e-05
2025-12-08T12:23:02.448406 | 50047 | 32AC48C1EEA439BF | -3.9130047779e-04
2025-12-08T12:23:02.448569 | 50046 | 35A3D3115544333F | 2.9398991485e-04
2025-12-08T12:23:02.448619 | 50045 | 0B2F1BCA76C4383F | 3.7792110571e-04
2025-12-08T12:23:02.449794 | 50042 | 49AC0F2D64CAE4BE | -9.9137263607e-06
2025-12-08T12:23:02.449989 | 50048 | BCDBA99710861EBF | -1.1643863938e-04
2025-12-08T12:23:02.450033 | 50040 | 5E36D5EAAFC202BF | -3.5782807894e-05
2025-12-08T12:23:02.450068 | 50049 | 84D9D86615E311BF | -6.8233662852e-05
2025-12-08T12:23:02.450145 | 50041 | 62C1567F1409EFBE | -1.4798864849e-05
2025-12-08T12:23:02.450838 | 50038 | 7262FD37EC08D33E | 4.5382629422e-06
2025-12-08T12:23:02.451113 | 50044 | F2BF4CFBBE173E3F | 4.5917904508e-04
2025-12-08T12:23:02.547116 | 50044 | 88B8319635FF233F | 1.5256432662e-04
2025-12-08T12:23:02.547227 | 50039 | B8A18439821203BF | -3.6377524511e-05
2025-12-08T12:23:02.547263 | 50040 | 5A8965432D8303BF | -3.7216967416e-05
2025-12-08T12:23:02.547154 | 50038 | BE2B5D436A46D33E | 4.5955321662e-06
2025-12-08T12:23:02.547386 | 50046 | 51D063D1B0972ABF | -2.0288499281e-04
2025-12-08T12:23:02.547456 | 50045 | 64730D3CAD5E333F | 2.9556016312e-04
2025-12-08T12:23:02.547473 | 50048 | 1B7551CF02C030BF | -2.5558537101e-04
2025-12-08T12:23:02.547602 | 50049 | 3356C930DB122ABF | -1.9892621676e-04
2025-12-08T12:23:02.547901 | 50042 | 69BA20E3D3E6E0BE | -8.0593445980e-06
2025-12-08T12:23:02.548221 | 50043 | 04138422DD820A3F | 5.0566075801e-05
2025-12-08T12:23:02.548328 | 50047 | 88684389DABEF0BE | -1.5969774339e-05
2025-12-08T12:23:02.548753 | 50041 | 64E4229D1055FFBE | -2.9880795247e-05
2025-12-08T12:23:02.646850 | 50038 | A8924D8D4035DABE | -6.2484779918e-06
2025-12-08T12:23:02.646917 | 50039 | 52FED4AE9414F1BE | -1.6289132806e-05
2025-12-08T12:23:02.647011 | 50044 | E896E1BD2DCE333F | 3.0220619909e-04
2025-12-08T12:23:02.647123 | 50046 | C829505406F101BF | -3.4220700890e-05
2025-12-08T12:23:02.647204 | 50047 | D0B84A0CFA0007BF | -4.3876295910e-05
2025-12-08T12:23:02.647430 | 50048 | DA7095BC662519BF | -9.5924754665e-05
2025-12-08T12:23:02.647478 | 50045 | 3AD26A55F31A3B3F | 4.1359368098e-04
2025-12-08T12:23:02.647706 | 50041 | 8C214C90C16EF2BE | -1.7578736350e-05
2025-12-08T12:23:02.647807 | 50043 | 2E85B1F4EFF4003F | 3.2342503425e-05
2025-12-08T12:23:02.647846 | 50049 | 8811A991B75520BF | -1.2462488015e-04
2025-12-08T12:23:02.648353 | 50040 | 0F3F75E353E8FCBE | -2.7568368947e-05
2025-12-08T12:23:02.648764 | 50042 | A4EEBD504447003F | 3.1048557587e-05
2025-12-08T12:23:02.747153 | 50039 | F03185D30694D43E | 4.9062321568e-06
2025-12-08T12:23:02.747323 | 50046 | D2C23F360B01333F | 2.8997920731e-04
2025-12-08T12:23:02.747713 | 50044 | EADF3DF00B873A3F | 4.0477792231e-04
2025-12-08T12:23:02.747784 | 50040 | AC13C2B4512FFBBE | -2.5925484167e-05
2025-12-08T12:23:02.747834 | 50048 | 1290F4D2CD4036BF | -3.3955597879e-04
2025-12-08T12:23:02.747896 | 50045 | 80A6B1A972CF383F | 3.7857579600e-04
2025-12-08T12:23:02.747977 | 50049 | 288F20817568EABE | -1.2592336166e-05
2025-12-08T12:23:02.748014 | 50043 | 0A92151241C9073F | 4.5368479060e-05
2025-12-08T12:23:02.748042 | 50041 | 502CF1BABBDABC3E | 1.7198578737e-06
2025-12-08T12:23:02.748259 | 50042 | B04CB5950E48F63E | 2.1249268099e-05
2025-12-08T12:23:02.748660 | 50047 | 35C0F319AFEF3CBF | -4.4153237282e-04
2025-12-08T12:23:02.748712 | 50038 | 402EEBF5AF6A9ABE | -3.9364021191e-07
2025-12-08T12:23:02.847306 | 50040 | 90C4290693ECDCBE | -6.8960472129e-06
2025-12-08T12:23:02.849808 | 50048 | 7F7DCF462D2A35BF | -3.2294850717e-04
2025-12-08T12:23:02.850106 | 50042 | E8942DF69E2FE93E | 1.2009629875e-05
2025-12-08T12:23:02.850140 | 50039 | FA7450E0F7FC01BF | -3.4309687216e-05
2025-12-08T12:23:02.850189 | 50045 | 95BDDEA88B6E3F3F | 4.7961148891e-04
2025-12-08T12:23:02.850270 | 50046 | 381417872AB82E3F | 2.3437041413e-04
2025-12-08T12:23:02.850314 | 50041 | 01789939F04EFABE | -2.5089600604e-05
2025-12-08T12:23:02.850419 | 50043 | 7303185C5763053F | 4.0794471271e-05
2025-12-08T12:23:02.850474 | 50038 | 707E6324C034F63E | 2.1177346093e-05
2025-12-08T12:23:02.850518 | 50044 | 9B58447E7B78253F | 1.6380794035e-04
2025-12-08T12:23:02.850587 | 50049 | 14554B7B2C6D2BBF | -2.0924728383e-04
2025-12-08T12:23:02.850551 | 50047 | 662758FA20E625BF | -1.6707565844e-04
2025-12-08T12:23:02.947740 | 50040 | A67C636B1BFD04BF | -4.0032767559e-05
2025-12-08T12:23:02.947960 | 50044 | 9B6D2BB4E5013C3F | 4.2735918048e-04
2025-12-08T12:23:02.948280 | 50047 | 2CD77394E78317BF | -8.9703568950e-05
2025-12-08T12:23:02.948327 | 50049 | 1CFC53354B480FBF | -5.9666438270e-05
2025-12-08T12:23:02.948369 | 50042 | EC8EF06AF5FD003F | 3.2409717612e-05
2025-12-08T12:23:02.948608 | 50046 | 48F44BF9A106193F | 9.5466266725e-05
2025-12-08T12:23:02.948648 | 50041 | B84E2BE09F49CABE | -3.1337256144e-06
2025-12-08T12:23:02.948685 | 50045 | 1409B1EDE18B243F | 1.5675671497e-04
2025-12-08T12:23:02.948769 | 50038 | AE144F29B813E63E | 1.0527147689e-05
2025-12-08T12:23:02.948849 | 50039 | A0B546E53B48D2BE | -4.3588075482e-06
2025-12-08T12:23:02.948869 | 50048 | BC1A5166AAC235BF | -3.3203754566e-04
2025-12-08T12:23:02.949087 | 50043 | 6D925A831EC7063F | 4.3445223509e-05
2025-12-08T12:23:03.050948 | 50040 | A7FCE8D2D9A500BF | -3.1753263432e-05
2025-12-08T12:23:03.051598 | 50039 | FB147C147341FBBE | -2.5993025047e-05
2025-12-08T12:23:03.051056 | 50049 | 04C5D93DC32D073F | 4.4209976960e-05
2025-12-08T12:23:03.052404 | 50041 | B681729C3868EBBE | -1.3068730267e-05
2025-12-08T12:23:03.052439 | 50044 | 22B0DBA108C0223F | 1.4305215239e-04
2025-12-08T12:23:03.052469 | 50042 | 461EB14963D7DABE | -6.3994786173e-06
2025-12-08T12:23:03.052513 | 50047 | 67AB2E7A176725BF | -1.6328965748e-04
2025-12-08T12:23:03.052548 | 50045 | 846C7C9B6E10353F | 3.2141399741e-04
2025-12-08T12:23:03.052623 | 50048 | 411BE11E6DF640BF | -5.1765754848e-04
2025-12-08T12:23:03.053097 | 50038 | 9476BB2296F4FD3E | 2.8567710770e-05
2025-12-08T12:23:03.053172 | 50046 | EC56DEF06E8926BF | -1.7194251307e-04
2025-12-08T12:23:03.053641 | 50043 | A82FBEA9B442FF3E | 2.9812401962e-05
2025-12-08T12:23:03.151672 | 50041 | 808A50E76165843E | 1.5196222916e-07
2025-12-08T12:23:03.151858 | 50044 | 9084405F7E71EE3E | 1.4516513126e-05
2025-12-08T12:23:03.152097 | 50049 | B28D0B69806A003F | 3.1311076901e-05
2025-12-08T12:23:03.152143 | 50038 | A2D7CB04CF28F73E | 2.2086533408e-05
2025-12-08T12:23:03.152247 | 50040 | 745009EF3762F4BE | -1.9439378720e-05
2025-12-08T12:23:03.152323 | 50039 | 708D81DCB890CE3E | 3.6436701727e-06
2025-12-08T12:23:03.152275 | 50043 | 0EDFFD357E44093F | 4.8194028522e-05
2025-12-08T12:23:03.152357 | 50048 | 8FEB1BB2E38D36BF | -3.4415062883e-04
2025-12-08T12:23:03.152404 | 50045 | 051C652148B2223F | 1.4264231204e-04
2025-12-08T12:23:03.152539 | 50046 | E3FD05103C8A09BF | -4.8713643994e-05
2025-12-08T12:23:03.152576 | 50047 | E4FEC535849439BF | -3.9032199654e-04
2025-12-08T12:23:03.152809 | 50042 | E61D7B5F3529E4BE | -9.6134999547e-06
2025-12-08T12:23:03.251923 | 50041 | 00DFB99B6FDAC8BE | -2.9627401242e-06
2025-12-08T12:23:03.251984 | 50043 | 68698788F0B6F33E | 1.8801315066e-05
2025-12-08T12:23:03.252034 | 50047 | F69148CCB4AC1BBF | -1.0557034972e-04
2025-12-08T12:23:03.252078 | 50048 | DC022E2066D138BF | -3.7869208625e-04
2025-12-08T12:23:03.252122 | 50044 | 2093DE147B0FE43E | 9.5655783772e-06
2025-12-08T12:23:03.252168 | 50042 | 0075E1C8DA0F6DBE | -5.4132066927e-08
2025-12-08T12:23:03.252362 | 50040 | B9226EA0B38F0BBF | -5.2569073936e-05
2025-12-08T12:23:03.252412 | 50049 | 28AD50C1C97421BF | -1.3318026382e-04
2025-12-08T12:23:03.252501 | 50039 | 5C34565409FC00BF | -3.2395395958e-05
2025-12-08T12:23:03.252555 | 50045 | C4C1B292C855113F | 6.6128127105e-05
2025-12-08T12:23:03.252602 | 50038 | 825881706EBBFE3E | 2.9308465884e-05
2025-12-08T12:23:03.252661 | 50046 | 4CE77BCD11821E3F | 1.1637910518e-04
2025-12-08T12:23:03.351798 | 50038 | 0F46383DB83AEF3E | 1.4891325839e-05
2025-12-08T12:23:03.352038 | 50039 | 0A565A01BA9703BF | -3.7370075160e-05
2025-12-08T12:23:03.352887 | 50041 | 08826B2161C903BF | -3.7740017594e-05
2025-12-08T12:23:03.353161 | 50040 | 44C0AB7F446BF3BE | -1.8519414861e-05
2025-12-08T12:23:03.353494 | 50042 | 3151A1099F1FEBBE | -1.2933502422e-05
2025-12-08T12:23:03.353885 | 50045 | E6319E5D05F4313F | 2.7394419669e-04
2025-12-08T12:23:03.354082 | 50046 | AF259C87820F173F | 8.7969152357e-05
2025-12-08T12:23:03.354314 | 50044 | 59D92C78928A2F3F | 2.4064100224e-04
2025-12-08T12:23:03.354378 | 50047 | 7E08D8ED961D38BF | -3.6797461311e-04
2025-12-08T12:23:03.354433 | 50043 | FC7386A826C3083F | 4.7230355509e-05
2025-12-08T12:23:03.354492 | 50048 | 2E53B705067F2BBF | -2.0977924838e-04
2025-12-08T12:23:03.354680 | 50049 | 5B736DDADB0F1DBF | -1.1086253526e-04
2025-12-08T12:23:03.452377 | 50039 | B41474D44784C4BE | -2.4457837388e-06
2025-12-08T12:23:03.452440 | 50041 | 006DC06FBA2DCF3E | 3.7167818601e-06
2025-12-08T12:23:03.452537 | 50038 | 0E82DCDDF9F3003F | 3.2335341287e-05
2025-12-08T12:23:03.452653 | 50044 | DC8BEBC257973F3F | 4.8204319584e-04
2025-12-08T12:23:03.452749 | 50049 | 1410EAFCF261023F | 3.5062053589e-05
2025-12-08T12:23:03.452712 | 50048 | 1CDD585C616A35BF | -3.2677533122e-04
2025-12-08T12:23:03.452935 | 50040 | E43FA6FBF6A3E0BE | -7.9348027285e-06
2025-12-08T12:23:03.452791 | 50042 | 88210EC98324FF3E | 2.9699931989e-05
2025-12-08T12:23:03.452984 | 50047 | 4E73CDA60B2534BF | -3.0738386595e-04
2025-12-08T12:23:03.452960 | 50046 | EA66119EDC3C0DBF | -5.5766566000e-05
2025-12-08T12:23:03.453006 | 50043 | 2C5A12F99752D73E | 5.5605486448e-06
2025-12-08T12:23:03.453186 | 50045 | 5906CA5804ED393F | 3.9559703945e-04
2025-12-08T12:23:03.553399 | 50038 | 18758CC88AF1DB3E | 6.6622552673e-06
2025-12-08T12:23:03.555151 | 50044 | 611EDFFCE79D323F | 2.8407014622e-04
2025-12-08T12:23:03.555210 | 50040 | 8CABE961B50E09BF | -4.7793302873e-05
2025-12-08T12:23:03.555180 | 50039 | EADCE11157A203BF | -3.7449152146e-05
2025-12-08T12:23:03.555314 | 50041 | 8B3268F2E31005BF | -4.0180164707e-05
2025-12-08T12:23:03.556834 | 50043 | AAD5CEB6F2E6E43E | 9.9669175258e-06
2025-12-08T12:23:03.557005 | 50046 | 06F18F7CEBED03BF | -3.8012265186e-05
2025-12-08T12:23:03.557127 | 50048 | 31C100CFD15E3DBF | -4.4815656929e-04
2025-12-08T12:23:03.557175 | 50047 | 9D7FD63EB64A2BBF | -2.0822024036e-04
2025-12-08T12:23:03.557340 | 50049 | 7431FF10EEE219BF | -9.8748951358e-05
2025-12-08T12:23:03.557569 | 50045 | AFA7D4FE178D343F | 3.1358562304e-04
2025-12-08T12:23:03.557637 | 50042 | CAB8CE292FF2F03E | 1.6160995631e-05
2025-12-08T12:23:03.653546 | 50045 | 38572C058F273E3F | 4.6012155251e-04
2025-12-08T12:23:03.654699 | 50042 | 2D5AFA20365BF73E | 2.2274298373e-05
2025-12-08T12:23:03.654656 | 50044 | 8079A54A09DCF63E | 2.1800534037e-05
2025-12-08T12:23:03.654944 | 50039 | 8AC35604A15FE7BE | -1.1145377480e-05
2025-12-08T12:23:03.654878 | 50038 | D23FF289496BF83E | 2.3287859787e-05
2025-12-08T12:23:03.655074 | 50047 | C01E2893BC8D35BF | -3.2888273123e-04
2025-12-08T12:23:03.655224 | 50048 | F02D67B6A0061ABF | -9.9280890573e-05
2025-12-08T12:23:03.655286 | 50049 | DDDF48595A4C30BF | -2.4869161396e-04
2025-12-08T12:23:03.655334 | 50043 | 1A92B67ECE45E53E | 1.0143605286e-05
2025-12-08T12:23:03.655385 | 50040 | 71B64D23A0DF00BF | -3.2183718225e-05
2025-12-08T12:23:03.657327 | 50041 | C0AFAE7988A6FDBE | -2.8276939343e-05
2025-12-08T12:23:03.657353 | 50046 | A08F7589D64DEEBE | -1.4450099384e-05
2025-12-08T12:23:03.753998 | 50039 | C879A6FD481BF9BE | -2.3943502904e-05
2025-12-08T12:23:03.754086 | 50043 | 9721E369B375FD3E | 2.8095024953e-05
2025-12-08T12:23:03.754409 | 50038 | FCBAFE5DEBEEFF3E | 3.0453947943e-05
2025-12-08T12:23:03.754637 | 50049 | C9B13C40D17C253F | 1.6393713315e-04
2025-12-08T12:23:03.754747 | 50042 | 263E9E195B66FC3E | 2.7084186150e-05
2025-12-08T12:23:03.754956 | 50047 | 937D60E02C1B2BBF | -2.0680353936e-04
2025-12-08T12:23:03.755017 | 50048 | A8A336B4C21F31BF | -2.6129249110e-04
2025-12-08T12:23:03.755171 | 50040 | C6DA8B49280301BF | -3.2448451014e-05
2025-12-08T12:23:03.755580 | 50045 | 7C95121D586A363F | 3.4203196726e-04
2025-12-08T12:23:03.755740 | 50041 | 20968462C32EFDBE | -2.7830761753e-05
2025-12-08T12:23:03.756053 | 50046 | 70D2030E8121313F | 2.6139641524e-04
2025-12-08T12:23:03.756085 | 50044 | 06B8185B3B453A3F | 4.0085505597e-04
2025-12-08T12:23:03.854873 | 50038 | B8FE47677D8FB03E | 9.8708315222e-07
2025-12-08T12:23:03.855784 | 50040 | 8A3729FF5935F8BE | -2.3086933604e-05
2025-12-08T12:23:03.855892 | 50043 | C4DA92941C4E003F | 3.1099555210e-05
2025-12-08T12:23:03.855977 | 50044 | E329F77C307B373F | 3.5829480927e-04
2025-12-08T12:23:03.856059 | 50041 | BEBD2883711A00BF | -3.0714596864e-05
2025-12-08T12:23:03.857333 | 50042 | 2CB301153081D63E | 5.3655242739e-06
2025-12-08T12:23:03.857415 | 50046 | 141B16C4558513BF | -7.4466094722e-05
2025-12-08T12:23:03.857493 | 50045 | 0BA5657C4C94313F | 2.6823870976e-04
2025-12-08T12:23:03.857563 | 50047 | D0F36B734DEFF7BE | -2.2825980717e-05
2025-12-08T12:23:03.857728 | 50039 | DDB62CD1D45BF3BE | -1.8461910325e-05
2025-12-08T12:23:03.857793 | 50048 | 12D63515940132BF | -2.7475228600e-04
2025-12-08T12:23:03.858037 | 50049 | 9088FAB9EFFA063F | 4.3831292030e-05
2025-12-08T12:23:03.955304 | 50039 | 44F6939A0500F1BE | -1.6212544925e-05
2025-12-08T12:23:03.955637 | 50038 | 58E9BE3A6A9FEE3E | 1.4602048246e-05
2025-12-08T12:23:03.955789 | 50041 | FC129FE7CAB8ECBE | -1.3695643464e-05
2025-12-08T12:23:03.955864 | 50045 | 32AF4B94C8D52C3F | 2.1999429204e-04
2025-12-08T12:23:03.955977 | 50048 | D68EDC6527E41EBF | -1.1784067598e-04
2025-12-08T12:23:03.956095 | 50047 | C2023C36CB4C26BF | -1.7013531316e-04
2025-12-08T12:23:03.956435 | 50043 | 7CE1E8A7DDF3FF3E | 3.0472374869e-05
2025-12-08T12:23:03.956465 | 50044 | 0A14C993A6563B3F | 4.1715208844e-04
2025-12-08T12:23:03.956716 | 50049 | B63D2296FB9729BF | -1.9526430248e-04
2025-12-08T12:23:03.956871 | 50046 | A7452A761EC5273F | 1.8135067792e-04
2025-12-08T12:23:03.957135 | 50040 | FC55FCD8C33FE6BE | -1.0609189104e-05
2025-12-08T12:23:03.957337 | 50042 | 3897273982E1B0BE | -1.0061796486e-06
2025-12-08T12:23:04.058763 | 50047 | 3C8AAC4847743CBF | -4.3417682962e-04
2025-12-08T12:23:04.058824 | 50038 | F09FA5D98095C63E | 2.6922222790e-06
2025-12-08T12:23:04.058935 | 50040 | C419381F11CDF0BE | -1.6022722731e-05
2025-12-08T12:23:04.058992 | 50041 | B2623686A681F6BE | -2.1463820656e-05
2025-12-08T12:23:04.059021 | 50049 | 6A885CAB0D2215BF | -8.0616077721e-05
2025-12-08T12:23:04.059055 | 50045 | 583E8EFDDBF23C3F | 4.4172163830e-04
2025-12-08T12:23:04.059444 | 50048 | E0258A27607C35BF | -3.2784793397e-04
2025-12-08T12:23:04.059602 | 50046 | F0AAD05F2D101CBF | -1.0705258315e-04
2025-12-08T12:23:04.060138 | 50044 | 8C8AB111C3120A3F | 4.9730852162e-05
2025-12-08T12:23:04.060268 | 50042 | 31C2638CC92A033F | 3.6558414239e-05
2025-12-08T12:23:04.060403 | 50043 | D84439B36702023F | 3.4350194622e-05
2025-12-08T12:23:04.060820 | 50039 | 59B0E86A35ABE6BE | -1.0809318465e-05
2025-12-08T12:23:04.157810 | 50039 | B2FA56C07D7405BF | -4.0922248484e-05
2025-12-08T12:23:04.157888 | 50040 | 3E934CFAD1B606BF | -4.3323786747e-05
2025-12-08T12:23:04.157992 | 50038 | EF3CB69EA2AE013F | 3.3726060646e-05
2025-12-08T12:23:04.158079 | 50044 | 10536894894CF33E | 1.8404936123e-05
2025-12-08T12:23:04.158242 | 50048 | 74B2648F835912BF | -6.9998411935e-05
2025-12-08T12:23:04.158322 | 50049 | BC1992E305A7F83E | 2.3510392769e-05
2025-12-08T12:23:04.158395 | 50046 | BAC0195B4A611E3F | 1.1589065869e-04
2025-12-08T12:23:04.158640 | 50041 | B2646F462DFFE7BE | -1.1442558572e-05
2025-12-08T12:23:04.158687 | 50042 | 8AEB8C026868FD3E | 2.8045498911e-05
2025-12-08T12:23:04.158733 | 50043 | E2EDEFBD2214E33E | 9.0974116897e-06
2025-12-08T12:23:04.158890 | 50045 | 37C4AACF2DBA303F | 2.5523775518e-04
2025-12-08T12:23:04.159429 | 50047 | A00E09E8BCEC0CBF | -5.5169596639e-05
2025-12-08T12:23:04.257496 | 50041 | D6EB96F9AF27E2BE | -8.6569923948e-06
2025-12-08T12:23:04.259882 | 50046 | 960B16729CFB2A3F | 2.0586285340e-04
2025-12-08T12:23:04.259950 | 50038 | DF31C70E7658EB3E | 1.3039375028e-05
2025-12-08T12:23:04.260151 | 50043 | 730E37CD1464023F | 3.5077938857e-05
2025-12-08T12:23:04.260303 | 50047 | 33114D236F2C38BF | -3.6885941818e-04
2025-12-08T12:23:04.260404 | 50048 | F3F437E6BA5230BF | -2.4907172175e-04
2025-12-08T12:23:04.260422 | 50040 | 57F59325211EFDBE | -2.7768796234e-05
2025-12-08T12:23:04.260712 | 50039 | C4C6EFEE5306D03E | 3.8205905488e-06
2025-12-08T12:23:04.260826 | 50045 | 2D2D6DFD4803333F | 2.9011280042e-04
2025-12-08T12:23:04.262251 | 50042 | EDFA569C845C033F | 3.6928936918e-05
2025-12-08T12:23:04.262377 | 50049 | 60D705D80BADC23E | 2.2263481584e-06
2025-12-08T12:23:04.262588 | 50044 | ED97E06683A1283F | 1.8791893984e-04
2025-12-08T12:23:04.357976 | 50039 | A73CB054815A05BF | -4.0728637565e-05
2025-12-08T12:23:04.358353 | 50040 | D874215CF93BF1BE | -1.6435884170e-05
2025-12-08T12:23:04.358490 | 50041 | 90958220714B03BF | -3.6801709997e-05
2025-12-08T12:23:04.358521 | 50043 | BE976C8518ECE83E | 1.1883854467e-05
2025-12-08T12:23:04.358793 | 50038 | C08ED7FC9B0DA53E | 6.2743310430e-07
2025-12-08T12:23:04.358951 | 50045 | C250EBDC451D263F | 1.6871908016e-04
2025-12-08T12:23:04.359018 | 50042 | 8634C866798CF23E | 1.7689444961e-05
2025-12-08T12:23:04.359232 | 50048 | 3447C737C47A21BF | -1.3335843313e-04
2025-12-08T12:23:04.359481 | 50046 | B6F08C8A5E88223F | 1.4139322345e-04
2025-12-08T12:23:04.359747 | 50044 | C7174650422C3D3F | 4.4514292701e-04
2025-12-08T12:23:04.359870 | 50049 | 480D0D95AC3223BF | -1.4646870343e-04
2025-12-08T12:23:04.359966 | 50047 | 108F63F93F423ABF | -4.0067731733e-04
2025-12-08T12:23:04.458517 | 50042 | 3BAE8BD97E4BE7BE | -1.1107875979e-05
2025-12-08T12:23:04.458725 | 50041 | 60F21FAC3A18C93E | 2.9915148341e-06
2025-12-08T12:23:04.458810 | 50038 | 10ADFE8EA35CBABE | -1.5712899390e-06
2025-12-08T12:23:04.459790 | 50045 | C7D71D1C6064403F | 5.0024693358e-04
2025-12-08T12:23:04.459861 | 50046 | 6F15A5CA9B1519BF | -9.5689424289e-05
2025-12-08T12:23:04.459928 | 50049 | 386F7D313D801F3F | 1.2016652579e-04
2025-12-08T12:23:04.460053 | 50048 | 1E2B9C6F04933DBF | -4.5126779843e-04
2025-12-08T12:23:04.460202 | 50043 | 20D412EE6ECC0A3F | 5.1114211382e-05
2025-12-08T12:23:04.460261 | 50039 | 6028C211C8BBBC3E | 1.7126513461e-06
2025-12-08T12:23:04.460463 | 50044 | C7C02743A73E253F | 1.6208450104e-04
2025-12-08T12:23:04.460876 | 50040 | 5DCE6D7AEE1BF8BE | -2.2992236747e-05
2025-12-08T12:23:04.460918 | 50047 | 8ECAB16EA2823EBF | -4.6555009494e-04
2025-12-08T12:23:04.559447 | 50038 | 81FFE2CBFF25013F | 3.2708042896e-05
2025-12-08T12:23:04.560909 | 50039 | E04C6BE62D67B43E | 1.2161161977e-06
2025-12-08T12:23:04.560968 | 50042 | 5499079B7BA0D73E | 5.6330886058e-06
2025-12-08T12:23:04.561307 | 50041 | D0D862BE0D4EC4BE | -2.4205323711e-06
2025-12-08T12:23:04.561387 | 50048 | A9A9AE36FEC336BF | -3.4737545382e-04
2025-12-08T12:23:04.561441 | 50043 | 2B210479AC380B3F | 5.1920665216e-05
2025-12-08T12:23:04.561714 | 50049 | B0B6B3BEC8A6163F | 8.6408617495e-05
2025-12-08T12:23:04.561889 | 50046 | A953FA163BEF17BF | -9.1302854111e-05
2025-12-08T12:23:04.561953 | 50044 | 7FEEC39D0F993F3F | 4.8214560753e-04
2025-12-08T12:23:04.562998 | 50047 | C29448974AC230BF | -2.5572129315e-04
2025-12-08T12:23:04.563401 | 50045 | 14A6D10AB12E1E3F | 1.1513667660e-04
2025-12-08T12:23:04.563691 | 50040 | 951C447E869004BF | -3.9223770530e-05
2025-12-08T12:23:04.659622 | 50038 | E2F01D7C1391DDBE | -7.0492514527e-06
2025-12-08T12:23:04.661319 | 50045 | 2004FD3DB25C283F | 1.8586803253e-04
2025-12-08T12:23:04.661435 | 50041 | 3DE8FB6960DA01BF | -3.4051959345e-05
2025-12-08T12:23:04.663833 | 50042 | 53F94424B923E6BE | -1.0556957144e-05
2025-12-08T12:23:04.663893 | 50043 | B927D6E02AAC053F | 4.1337069074e-05
2025-12-08T12:23:04.663962 | 50039 | ECE0B6C4073CC9BE | -3.0081860467e-06
2025-12-08T12:23:04.664003 | 50046 | E08981342D1D21BF | -1.3056923695e-04
2025-12-08T12:23:04.665874 | 50040 | 6411C045FE1B0ABF | -4.9799630432e-05
2025-12-08T12:23:04.665930 | 50047 | 101318A2A72F04BF | -3.8502028712e-05
2025-12-08T12:23:04.666005 | 50048 | 92E6D43F5FA33BBF | -4.2172503875e-04
2025-12-08T12:23:04.667535 | 50044 | 5A78FF148EC93D3F | 4.5451849746e-04
2025-12-08T12:23:04.667639 | 50049 | BAF9DAAB848E01BF | -3.3486770446e-05
2025-12-08T12:23:04.759903 | 50041 | D848E27285BD00BF | -3.1929621728e-05
2025-12-08T12:23:04.760159 | 50040 | 9F19A4663FACF6BE | -2.1622507497e-05
2025-12-08T12:23:04.760321 | 50038 | F03DFF3AB331EC3E | 1.3444014115e-05
2025-12-08T12:23:04.760409 | 50039 | A04800132A65FFBE | -2.9940770389e-05
2025-12-08T12:23:04.760549 | 50043 | C057F92D60680A3F | 5.0368724030e-05
2025-12-08T12:23:04.760731 | 50047 | 2E18E4EE6EBC3EBF | -4.6899517373e-04
2025-12-08T12:23:04.760949 | 50044 | 62D0CA3C6726383F | 3.6849995085e-04
2025-12-08T12:23:04.761076 | 50045 | A666BE62BEF63A3F | 4.1143558587e-04
2025-12-08T12:23:04.761392 | 50049 | A67EF0BA4CEF1A3F | 1.0274797272e-04
2025-12-08T12:23:04.761567 | 50042 | B62372E79DB0D43E | 4.9328588069e-06
2025-12-08T12:23:04.761684 | 50048 | 6C40BB0B3E140ABF | -4.9741881836e-05
2025-12-08T12:23:04.761840 | 50046 | DF1F4F7D82622DBF | -2.2418825998e-04
2025-12-08T12:23:04.860366 | 50038 | 7CAC11128B2CE73E | 1.1050222897e-05
2025-12-08T12:23:04.861538 | 50040 | D25F07D5D3B007BF | -4.5186485867e-05
2025-12-08T12:23:04.861630 | 50041 | 92DC8EC8B49C03BF | -3.7407176087e-05
2025-12-08T12:23:04.861747 | 50043 | 5A8038964AC6093F | 4.9161101540e-05
2025-12-08T12:23:04.862014 | 50045 | BC1308F8A9F4373F | 3.6553525572e-04
2025-12-08T12:23:04.862987 | 50049 | 9B06E4BE2A261CBF | -1.0738025569e-04
2025-12-08T12:23:04.863086 | 50048 | 8C262265D52A2ABF | -1.9964079781e-04
2025-12-08T12:23:04.863348 | 50044 | 840E923554A9283F | 1.8815186448e-04
2025-12-08T12:23:04.863489 | 50039 | A480051C5FB8FEBE | -2.9297066932e-05
2025-12-08T12:23:04.863542 | 50046 | BF89D300493E1E3F | 1.1536903931e-04
2025-12-08T12:23:04.863660 | 50047 | 000080F3F7CA0A3E | 7.7977444553e-10
2025-12-08T12:23:04.863805 | 50042 | 47139A20EC1EF53E | 2.0142355459e-05
2025-12-08T12:23:04.960218 | 50039 | B0F5112A982400BF | -3.0790227592e-05
2025-12-08T12:23:04.960482 | 50038 | 1EC75BDC90F7FC3E | 2.7625135565e-05
2025-12-08T12:23:04.960889 | 50040 | CB11BBECD456F7BE | -2.2257982706e-05
2025-12-08T12:23:04.961248 | 50045 | 1F1727222CEC203F | 1.2910879839e-04
2025-12-08T12:23:04.961371 | 50043 | 2DC92C7E545BFA3E | 2.5135763177e-05
2025-12-08T12:23:04.961638 | 50047 | 20FE21E1E76E36BF | -3.4230385894e-04
2025-12-08T12:23:04.961734 | 50042 | B0AAEAE26FDBFB3E | 2.6566673280e-05
2025-12-08T12:23:04.961917 | 50049 | 444B8B3517401ABF | -1.0013715417e-04
2025-12-08T12:23:04.961821 | 50046 | C16010F5B9DF233F | 1.5162606226e-04
2025-12-08T12:23:04.961853 | 50041 | 02F69D37BE7EFCBE | -2.7175035462e-05
2025-12-08T12:23:04.962389 | 50044 | 029DCAA413A1163F | 8.6323570211e-05
2025-12-08T12:23:04.962419 | 50048 | AC3590B3251A41BF | -5.2191582574e-04
2025-12-08T12:23:05.060778 | 50038 | B058340501A1DC3E | 6.8256668613e-06
2025-12-08T12:23:05.060982 | 50048 | F4A36857FD091FBF | -1.1840447210e-04
2025-12-08T12:23:05.061972 | 50043 | BFE85E222116023F | 3.4497152498e-05
2025-12-08T12:23:05.062116 | 50044 | A1189C240070253F | 1.6355516191e-04
2025-12-08T12:23:05.062626 | 50041 | 66592945E2D8E2BE | -8.9870465320e-06
2025-12-08T12:23:05.062822 | 50046 | B4103A33694A233F | 1.4717611485e-04
2025-12-08T12:23:05.062928 | 50042 | 07DE8389A64C023F | 3.4903366386e-05
2025-12-08T12:23:05.062994 | 50045 | E659FBF0FA23303F | 2.4628521440e-04
2025-12-08T12:23:05.063250 | 50049 | F1F3AE54B9BB26BF | -1.7344128932e-04
2025-12-08T12:23:05.063297 | 50047 | F8FEB0D14F633FBF | -4.7894190510e-04
2025-12-08T12:23:05.063339 | 50040 | D448965AF5B4F4BE | -1.9747608950e-05
2025-12-08T12:23:05.063618 | 50039 | 740C0FC4A57804BF | -3.9045866749e-05
2025-12-08T12:23:05.161647 | 50043 | 70241A247BB8093F | 4.9058206526e-05
2025-12-08T12:23:05.161710 | 50041 | 4E5C0D5EB7B9F8BE | -2.3580030646e-05
2025-12-08T12:23:05.161753 | 50042 | 52D756F3B58BE93E | 1.2181160495e-05
2025-12-08T12:23:05.161799 | 50046 | 3FA52E9EB472083F | 4.6630990048e-05
2025-12-08T12:23:05.161836 | 50047 | 10FA71FF6F3F36BF | -3.3947452852e-04
2025-12-08T12:23:05.161868 | 50040 | 8259B20B56BC06BF | -4.3364883333e-05
2025-12-08T12:23:05.161976 | 50039 | 8060C19A4402C93E | 2.9812883522e-06
2025-12-08T12:23:05.162037 | 50038 | F11BD3154744E03E | 7.7565716147e-06
2025-12-08T12:23:05.162112 | 50044 | F01D0B98B8D8F53E | 2.0834509544e-05
2025-12-08T12:23:05.162154 | 50045 | 12FFA2F08FA92F3F | 2.4156457977e-04
2025-12-08T12:23:05.162302 | 50049 | 85612C8FF56F0E3F | 5.8054620146e-05
2025-12-08T12:23:05.162594 | 50048 | 2E5ECEE1B5E132BF | -2.8811159592e-04
2025-12-08T12:23:05.264484 | 50040 | 41DCDC8AA78A09BF | -4.8716772069e-05
2025-12-08T12:23:05.264670 | 50047 | E495483E32023EBF | -4.5789457934e-04
2025-12-08T12:23:05.264832 | 50038 | 8E3B5333DDC5EE3E | 1.4673665286e-05
2025-12-08T12:23:05.265133 | 50048 | 08B3AD38B10400BF | -3.0552538269e-05
2025-12-08T12:23:05.265275 | 50046 | 1852C6FB678C05BF | -4.1100428891e-05
2025-12-08T12:23:05.265318 | 50039 | 1CEF225B5291D33E | 4.6652943856e-06
2025-12-08T12:23:05.265367 | 50041 | F584D63587D903BF | -3.7860335151e-05
2025-12-08T12:23:05.265466 | 50049 | 614D9364453205BF | -4.0428869917e-05
2025-12-08T12:23:05.265345 | 50043 | 45FE3BFBBE28063F | 4.2265251436e-05
2025-12-08T12:23:05.265523 | 50044 | 30C80221B24B3D3F | 4.4701670505e-04
2025-12-08T12:23:05.265571 | 50042 | 0287070DF831033F | 3.6611921704e-05
2025-12-08T12:23:05.265645 | 50045 | 8033185FFC9E2C3F | 2.1836119372e-04
2025-12-08T12:23:05.363897 | 50039 | B2AE0498B292F2BE | -1.7712628961e-05
2025-12-08T12:23:05.364096 | 50038 | 08BAC27D29ADD13E | 4.2143855944e-06
2025-12-08T12:23:05.364265 | 50045 | 83DE37897DFC323F | 2.8970780224e-04
2025-12-08T12:23:05.364588 | 50046 | AE2546E3409E2D3F | 2.2596876228e-04
2025-12-08T12:23:05.364706 | 50043 | FDBC40F43578F93E | 2.4289677882e-05
2025-12-08T12:23:05.364847 | 50041 | CA16E72F2A77F1BE | -1.6656386828e-05
2025-12-08T12:23:05.364947 | 50047 | DE9900907C7A2EBF | -2.3253222025e-04
2025-12-08T12:23:05.365093 | 50044 | AE61E4B7B78A383F | 3.7447915374e-04
2025-12-08T12:23:05.365401 | 50040 | 5620D163E460E4BE | -9.7172188537e-06
2025-12-08T12:23:05.365702 | 50049 | E9DDD5D02BAF25BF | -1.6543779240e-04
2025-12-08T12:23:05.366112 | 50042 | 9035DCEECD44CEBE | -3.6083182441e-06
2025-12-08T12:23:05.366197 | 50048 | 6F30D84C70AC31BF | -2.6967755989e-04
2025-12-08T12:23:05.463672 | 50039 | B8EEF529ADECE1BE | -8.5470758779e-06
2025-12-08T12:23:05.463702 | 50041 | 1462B156CA6002BF | -3.5053419958e-05
2025-12-08T12:23:05.463728 | 50043 | B28ECA5C8C6DF03E | 1.5666888248e-05
2025-12-08T12:23:05.464056 | 50038 | D4C68F15E1AFDE3E | 7.3163576752e-06
2025-12-08T12:23:05.464985 | 50045 | 38BBCD29D4BF2D3F | 2.2696938404e-04
2025-12-08T12:23:05.465120 | 50049 | 9EB27F6EA344FDBE | -2.7912253159e-05
2025-12-08T12:23:05.465194 | 50048 | 3239F1D933D236BF | -3.4822240736e-04
2025-12-08T12:23:05.465219 | 50047 | A2B37D7B99E131BF | -2.7284619454e-04
2025-12-08T12:23:05.465702 | 50042 | 908A7B220215B3BE | -1.1373796357e-06
2025-12-08T12:23:05.467075 | 50044 | FFC85F69EE47243F | 1.5473161028e-04
2025-12-08T12:23:05.467129 | 50040 | 790A4A63C4A402BF | -3.5559886247e-05
2025-12-08T12:23:05.467149 | 50046 | 9E3FB4CAD4A4273F | 1.8038842732e-04
2025-12-08T12:23:05.563922 | 50038 | 64128E5F9745F63E | 2.1240082762e-05
2025-12-08T12:23:05.564054 | 50041 | D96328E55B16E1BE | -8.1478785079e-06
2025-12-08T12:23:05.564262 | 50039 | 39C1B2C843BFE6BE | -1.0846675897e-05
2025-12-08T12:23:05.564650 | 50040 | FCFDC6E1989C0BBF | -5.2665153109e-05
2025-12-08T12:23:05.564748 | 50043 | 4CBA5E9DAA8C053F | 4.1102368115e-05
2025-12-08T12:23:05.564995 | 50042 | 34A8438B5870D6BE | -5.3498389898e-06
2025-12-08T12:23:05.565147 | 50048 | D41612DF1F4F0ABF | -5.0180587899e-05
2025-12-08T12:23:05.565209 | 50047 | FF319537027935BF | -3.2764724854e-04
2025-12-08T12:23:05.565348 | 50045 | CA578727D469213F | 1.3285364891e-04
2025-12-08T12:23:05.565514 | 50044 | E06970C3C1163B3F | 4.1334372094e-04
2025-12-08T12:23:05.565676 | 50046 | D3EEE821512D233F | 1.4630904566e-04
2025-12-08T12:23:05.566315 | 50049 | 58E21B78AB1232BF | -2.7577101001e-04
2025-12-08T12:23:05.664905 | 50039 | 07FE8926F117EBBE | -1.2919198711e-05
2025-12-08T12:23:05.666728 | 50041 | DA73888F7BF5F0BE | -1.6173283230e-05
2025-12-08T12:23:05.666950 | 50043 | 31DCAF4E080FF53E | 2.0083160887e-05
2025-12-08T12:23:05.666999 | 50047 | 906903CE9E8240BF | -5.0385240686e-04
2025-12-08T12:23:05.667092 | 50046 | 864718C0B1D113BF | -7.5603937170e-05
2025-12-08T12:23:05.667204 | 50045 | A447497F715D233F | 1.4774332489e-04
2025-12-08T12:23:05.667437 | 50049 | 88B6C4B92C15293F | 1.9136591880e-04
2025-12-08T12:23:05.667480 | 50038 | 8242A4AA2550F93E | 2.4140429255e-05
2025-12-08T12:23:05.669216 | 50042 | 4E1110C7CF43EF3E | 1.4908260910e-05
2025-12-08T12:23:05.670656 | 50048 | 7327E351E55639BF | -3.8664911871e-04
2025-12-08T12:23:05.670690 | 50040 | 5B1A23EAB351F7BE | -2.2238875893e-05
2025-12-08T12:23:05.673006 | 50044 | F966FDDA8A6D353F | 3.2696380639e-04
2025-12-08T12:23:05.764733 | 50038 | 5B5DE915B327013F | 3.2720711478e-05
2025-12-08T12:23:05.765323 | 50041 | 42C26BE5FA44F1BE | -1.6469434139e-05
2025-12-08T12:23:05.765430 | 50043 | F8FB5920F0D2073F | 4.5440629077e-05
2025-12-08T12:23:05.765630 | 50044 | E6F97F4B46193C3F | 4.2875257668e-04
2025-12-08T12:23:05.765710 | 50048 | 4B05B3F5FB2D2CBF | -2.1499348336e-04
2025-12-08T12:23:05.765839 | 50046 | FC5878D81C7F2E3F | 2.3267008895e-04
2025-12-08T12:23:05.766077 | 50047 | AE5D33A76B293FBF | -4.7549131632e-04
2025-12-08T12:23:05.766208 | 50039 | 01FDF9DFCAA204BF | -3.9359871150e-05
2025-12-08T12:23:05.766237 | 50045 | FA7100A8948F243F | 1.5686692859e-04
2025-12-08T12:23:05.766588 | 50042 | FD5C6F38FFCDFE3E | 2.9377627950e-05
2025-12-08T12:23:05.766642 | 50049 | 460B580D1AEE1DBF | -1.1417421350e-04
2025-12-08T12:23:05.766764 | 50040 | F025D2EDBF8307BF | -4.4850630482e-05
2025-12-08T12:23:05.865105 | 50042 | 7CA04745AE84D4BE | -4.8919401547e-06
2025-12-08T12:23:05.865695 | 50041 | F63B0C646FECEABE | -1.2838160843e-05
2025-12-08T12:23:05.866017 | 50040 | 5C4D1756F0D4D6BE | -5.4435234644e-06
2025-12-08T12:23:05.866120 | 50038 | D9EE818686EFD1BE | -4.2761913407e-06
2025-12-08T12:23:05.866326 | 50044 | 30B03BCF3B3A043F | 3.8580847017e-05
2025-12-08T12:23:05.866446 | 50043 | 20797EC65027F13E | 1.6358925137e-05
2025-12-08T12:23:05.866819 | 50039 | A451A0F46D5DFCBE | -2.7050932921e-05
2025-12-08T12:23:05.866893 | 50049 | 3250A801F1C31B3F | 1.0591658103e-04
2025-12-08T12:23:05.867036 | 50045 | B2F0DAE7C2CA363F | 3.4777887764e-04
2025-12-08T12:23:05.868372 | 50047 | CF1AE22878B33DBF | -4.5320209109e-04
2025-12-08T12:23:05.868538 | 50048 | 2A44AD8AC86F35BF | -3.2709737814e-04
2025-12-08T12:23:05.869789 | 50046 | 168C6DB8742201BF | -3.2681643509e-05
2025-12-08T12:23:05.966260 | 50041 | 3357C52037C7F0BE | -1.6000924050e-05
2025-12-08T12:23:05.966614 | 50045 | 34F74D6C40E4393F | 3.9507458523e-04
2025-12-08T12:23:05.966714 | 50043 | 58F3AB0AA236ED3E | 1.3930039434e-05
2025-12-08T12:23:05.966832 | 50046 | AA6EB0A3482B2B3F | 2.0728360855e-04
2025-12-08T12:23:05.966897 | 50042 | AE26217992EBFD3E | 2.8534129861e-05
2025-12-08T12:23:05.967239 | 50047 | 4C7E5BE4134E25BF | -1.6254418204e-04
2025-12-08T12:23:05.967651 | 50044 | 9890C2B90EC43E3F | 4.6944961083e-04
2025-12-08T12:23:05.967744 | 50038 | 7878D8ED2659C4BE | -2.4257004572e-06
2025-12-08T12:23:05.967864 | 50049 | 36765B43C3AA113F | 6.7394416728e-05
2025-12-08T12:23:05.967970 | 50040 | 412CF7274ACA03BF | -3.7746799531e-05
2025-12-08T12:23:05.967915 | 50039 | 4C3ED8199FC600BF | -3.1997423530e-05
2025-12-08T12:23:05.968066 | 50048 | 293FBA5967A539BF | -3.9132855611e-04
2025-12-08T12:23:06.066286 | 50038 | BFD5B7518D33F63E | 2.1172881231e-05
2025-12-08T12:23:06.066717 | 50046 | 4B10BC4638CC2E3F | 2.3496806113e-04
2025-12-08T12:23:06.066858 | 50045 | 3B14AF5D09362E3F | 2.3049225169e-04
2025-12-08T12:23:06.066991 | 50043 | 8DB4169EA1E90B3F | 5.3239102054e-05
2025-12-08T12:23:06.067107 | 50040 | FC152090E0D9E9BE | -1.2326756863e-05
2025-12-08T12:23:06.067145 | 50039 | D89F48121AB1C0BE | -1.9898181043e-06
2025-12-08T12:23:06.067239 | 50048 | AEE4555A1B9318BF | -9.3744797217e-05
2025-12-08T12:23:06.067379 | 50047 | D8FC234E2DFD37BF | -3.6604267201e-04
2025-12-08T12:23:06.067669 | 50042 | 707015B9EB96BDBE | -1.7636736838e-06
2025-12-08T12:23:06.067941 | 50041 | 7547B12BFBC6F2BE | -1.7907400189e-05
2025-12-08T12:23:06.068547 | 50049 | E64E95EEEDD4273F | 1.8182186549e-04
2025-12-08T12:23:06.071107 | 50044 | E6EC8B7969892A3F | 2.0245945486e-04
2025-12-08T12:23:06.167962 | 50038 | 4C6B05579D09E63E | 1.0508326085e-05
2025-12-08T12:23:06.168650 | 50049 | 825CD8AE2CEC2FBF | -2.4354978034e-04
2025-12-08T12:23:06.168826 | 50040 | 30403EAF8ED1EABE | -1.2788097116e-05
2025-12-08T12:23:06.168905 | 50043 | 4ED02A1F6367E03E | 7.8219681873e-06
2025-12-08T12:23:06.169001 | 50047 | 0854FD08D0D730BF | -2.5700406058e-04
2025-12-08T12:23:06.169206 | 50048 | D696575B3B3F39BF | -3.8523863927e-04
2025-12-08T12:23:06.169280 | 50045 | 46438083591E2F3F | 2.3741572090e-04
2025-12-08T12:23:06.169419 | 50041 | D7FA26DDCC9300BF | -3.1618775796e-05
2025-12-08T12:23:06.169503 | 50044 | 46F549BB3082393F | 3.8922967659e-04
2025-12-08T12:23:06.169575 | 50046 | 79CF693E90F325BF | -1.6747604169e-04
2025-12-08T12:23:06.170492 | 50039 | 40B58D93D711BC3E | 1.6730842402e-06
2025-12-08T12:23:06.170552 | 50042 | E0F5D29DECD3B5BE | -1.3010400075e-06
2025-12-08T12:23:06.268174 | 50048 | FAF06F9FFF1E40BF | -4.9197656233e-04
2025-12-08T12:23:06.268268 | 50041 | D4A4317D932502BF | -3.4612239369e-05
2025-12-08T12:23:06.268313 | 50038 | CE4673AE757BE4BE | -9.7667047626e-06
2025-12-08T12:23:06.268428 | 50043 | 74EECA80DC85F43E | 1.9572158680e-05
2025-12-08T12:23:06.268356 | 50044 | 50E446548909393F | 3.8203814281e-04
2025-12-08T12:23:06.268392 | 50042 | 107C96E4467DDCBE | -6.7923934436e-06
2025-12-08T12:23:06.268466 | 50046 | FCDD846680451BBF | -1.0403248018e-04
2025-12-08T12:23:06.271982 | 50047 | 868F7EF283B53DBF | -4.5332404488e-04
2025-12-08T12:23:06.272799 | 50039 | C418F77BD543D3BE | -4.5931282666e-06
2025-12-08T12:23:06.272874 | 50040 | B84C03D4588A06BF | -4.2992435284e-05
2025-12-08T12:23:06.272841 | 50045 | 1627BAB3560F183F | 9.1781298517e-05
2025-12-08T12:23:06.272898 | 50049 | F390E7375134113F | 6.5629441429e-05
2025-12-08T12:23:06.367547 | 50047 | 70DC21BD50FAF9BE | -2.4774355389e-05
2025-12-08T12:23:06.368080 | 50041 | 422F80095796E7BE | -1.1247284689e-05
2025-12-08T12:23:06.368228 | 50040 | 4C5484EC173BE5BE | -1.0123650455e-05
2025-12-08T12:23:06.368341 | 50048 | A8DBB689870E23BF | -1.4539150730e-04
2025-12-08T12:23:06.368460 | 50046 | 5F6A8407B55215BF | -8.1341075092e-05
2025-12-08T12:23:06.368535 | 50049 | 5E2E965F0F81133F | 7.4402392690e-05
2025-12-08T12:23:06.368665 | 50042 | 5EB627289632F43E | 1.9261935913e-05
2025-12-08T12:23:06.368741 | 50038 | 11225847882AEABE | -1.2476988768e-05
2025-12-08T12:23:06.368808 | 50043 | 75851A5529F3093F | 4.9495409838e-05
2025-12-08T12:23:06.368864 | 50045 | 4C632D954C960F3F | 6.0247623557e-05
2025-12-08T12:23:06.369450 | 50044 | 40CC7C075D03273F | 1.7557631122e-04
2025-12-08T12:23:06.369553 | 50039 | 9C9D3DFD490905BF | -4.0123529884e-05
2025-12-08T12:23:06.468020 | 50038 | 42E457AD592BEA3E | 1.2478512342e-05
2025-12-08T12:23:06.468370 | 50043 | C8DB4EB176ED013F | 3.4194168769e-05
2025-12-08T12:23:06.468438 | 50040 | E8351600AB34EEBE | -1.4403216485e-05
2025-12-08T12:23:06.468494 | 50047 | A2BCF19AEFB136BF | -3.4629916895e-04
2025-12-08T12:23:06.468662 | 50039 | 1C2CE5B0411307BF | -4.4012491446e-05
2025-12-08T12:23:06.468745 | 50041 | 7DEEFCD054BBF8BE | -2.3586047120e-05
2025-12-08T12:23:06.468843 | 50048 | 45A6CBC8D9F722BF | -1.4471562863e-04
2025-12-08T12:23:06.468920 | 50046 | 63A32F501528293F | 1.9192943736e-04
2025-12-08T12:23:06.469101 | 50042 | 4B8AB7DB2611FF3E | 2.9627799206e-05
2025-12-08T12:23:06.469450 | 50044 | 5F6A14A45FA63A3F | 4.0664515480e-04
2025-12-08T12:23:06.469550 | 50045 | 2BC634A533F62F3F | 2.4384861408e-04
2025-12-08T12:23:06.469663 | 50049 | 17A5F53DC54525BF | -1.6229660740e-04
2025-12-08T12:23:06.568736 | 50038 | E4F3BF791C6EBBBE | -1.6349626781e-06
2025-12-08T12:23:06.569318 | 50039 | 1FD9651A3AB706BF | -4.3326817194e-05
2025-12-08T12:23:06.569392 | 50048 | E03C1DD8E1F015BF | -8.3698067127e-05
2025-12-08T12:23:06.569481 | 50049 | 7C7697647245123F | 6.9699389449e-05
2025-12-08T12:23:06.569551 | 50040 | 82A422A18A6A04BF | -3.8940768847e-05
2025-12-08T12:23:06.569796 | 50041 | 70F6DFC51FFEE7BE | -1.1440597685e-05
2025-12-08T12:23:06.570013 | 50042 | 01D536D6376DEC3E | 1.3554875017e-05
2025-12-08T12:23:06.570267 | 50044 | DCD11095D3BD3F3F | 4.8433700164e-04
2025-12-08T12:23:06.570436 | 50043 | 8324FC63D4A8F03E | 1.5887728522e-05
2025-12-08T12:23:06.570791 | 50047 | 60F6B494F06DF0BE | -1.5668346618e-05
2025-12-08T12:23:06.571006 | 50046 | 4E6CD06C9D1016BF | -8.4170921767e-05
2025-12-08T12:23:06.571457 | 50045 | 5BC92D3F02DB383F | 3.7926487783e-04
2025-12-08T12:23:06.668622 | 50038 | 6C54F9945ED8CF3E | 3.7962428577e-06
2025-12-08T12:23:06.668822 | 50039 | 8BF7524FE561F4BE | -1.9438176385e-05
2025-12-08T12:23:06.669099 | 50041 | 146453B4B3A5CF3E | 3.7726489689e-06
2025-12-08T12:23:06.669122 | 50043 | 867BF8079327083F | 4.6071219000e-05
2025-12-08T12:23:06.669203 | 50049 | C917B249328C21BF | -1.3387788644e-04
2025-12-08T12:23:06.669521 | 50040 | 503EF29AD4E9D8BE | -5.9398175117e-06
2025-12-08T12:23:06.669604 | 50045 | C024AE8C7756D83E | 5.8025745585e-06
2025-12-08T12:23:06.669648 | 50044 | 3D58512417B1263F | 1.7312438482e-04
2025-12-08T12:23:06.670085 | 50047 | 92C48506E1181DBF | -1.1099694678e-04
2025-12-08T12:23:06.670125 | 50042 | 205B2F66F8ECF73E | 2.2817292471e-05
2025-12-08T12:23:06.670280 | 50046 | AF92E2A6A764103F | 6.2535030994e-05
2025-12-08T12:23:06.670663 | 50048 | 14A4089FBC3C04BF | -3.8599497092e-05
2025-12-08T12:23:06.769606 | 50040 | 3BB9AAB748C70BBF | -5.2983194981e-05
2025-12-08T12:23:06.769748 | 50046 | C80575080BC12BBF | -2.1174678498e-04
2025-12-08T12:23:06.769854 | 50038 | E8F1F052F615AEBE | -8.9662640857e-07
2025-12-08T12:23:06.769941 | 50048 | D611560C9CB522BF | -1.4274148831e-04
2025-12-08T12:23:06.770126 | 50039 | F2EE61E4D5DEF6BE | -2.1810961947e-05
2025-12-08T12:23:06.770177 | 50043 | 551660E70E82053F | 4.1023330525e-05
2025-12-08T12:23:06.770229 | 50042 | 40A9A7AFF800F53E | 2.0030779504e-05
2025-12-08T12:23:06.770277 | 50047 | 3C9E924C47813DBF | -4.5021048261e-04
2025-12-08T12:23:06.770688 | 50044 | 019394EF504C413F | 5.2789642283e-04
2025-12-08T12:23:06.770887 | 50041 | F3B8EB9B5816F2BE | -1.7249383513e-05
2025-12-08T12:23:06.771713 | 50045 | EAEF6197D504293F | 1.9087893788e-04
2025-12-08T12:23:06.771734 | 50049 | ECA0B5DB1EA62D3F | 2.2620321929e-04
2025-12-08T12:23:06.871496 | 50048 | F90AEA2E80CF24BF | -1.5877189385e-04
2025-12-08T12:23:06.871649 | 50038 | 4D42B3594806F93E | 2.3865262489e-05
2025-12-08T12:23:06.871733 | 50046 | 5C73207F2C2E013F | 3.2768948486e-05
2025-12-08T12:23:06.871827 | 50041 | 4474B64DE310E7BE | -1.0998710812e-05
2025-12-08T12:23:06.871876 | 50039 | C0F1F813699BFFBE | -3.0142852891e-05
2025-12-08T12:23:06.871994 | 50047 | 1289CF64029A1DBF | -1.1292113886e-04
2025-12-08T12:23:06.872040 | 50043 | D601DFACB130FD3E | 2.7837954626e-05
2025-12-08T12:23:06.872124 | 50044 | DA82F24AD1EE233F | 1.5207581371e-04
2025-12-08T12:23:06.872210 | 50040 | 989524538271F9BE | -2.4264712189e-05
2025-12-08T12:23:06.872246 | 50042 | BC37ED3B6DDE023F | 3.5989483414e-05
2025-12-08T12:23:06.872283 | 50045 | 200CF67369F2393F | 3.9591860328e-04
2025-12-08T12:23:06.874779 | 50049 | 3E26F381683E123F | 6.9594505919e-05
2025-12-08T12:23:06.969621 | 50038 | E85F1F739E13E33E | 9.0964491370e-06
2025-12-08T12:23:06.969866 | 50049 | 3742AF1CB3EA0E3F | 5.8969107691e-05
2025-12-08T12:23:06.970613 | 50044 | 0190E1A2D6FD403F | 5.1854114805e-04
2025-12-08T12:23:06.970680 | 50048 | 7A31D58D379D20BF | -1.2675574446e-04
2025-12-08T12:23:06.970703 | 50039 | F0F02FA41F00D7BE | -5.4837424299e-06
2025-12-08T12:23:06.970811 | 50047 | 1615F54F3BC317BF | -9.0647215974e-05
2025-12-08T12:23:06.970911 | 50046 | EF78FAF2220A23BF | -1.4526058793e-04
2025-12-08T12:23:06.971024 | 50041 | CCC2C65B149FFEBE | -2.9202846905e-05
2025-12-08T12:23:06.971326 | 50043 | 398C074016C6FC3E | 2.7440812120e-05
2025-12-08T12:23:06.971535 | 50040 | 0C0C5B8637BCE2BE | -8.9336501320e-06
2025-12-08T12:23:06.971583 | 50042 | 4DD96A626062013F | 3.3157888813e-05
2025-12-08T12:23:06.971811 | 50045 | 4A732C40783E243F | 1.5444963363e-04
2025-12-08T12:23:07.070049 | 50038 | A986922E384DD13E | 4.1250320716e-06
2025-12-08T12:23:07.070342 | 50040 | 2F11FF3979B404BF | -3.9491605321e-05
2025-12-08T12:23:07.070563 | 50043 | 565A4813582BF83E | 2.3049652741e-05
2025-12-08T12:23:07.070743 | 50042 | CBAADDFA5AFDFB3E | 2.6693028921e-05
2025-12-08T12:23:07.070894 | 50048 | BE0F9672A41B26BF | -1.6867048661e-04
2025-12-08T12:23:07.071087 | 50041 | BB94AF1314CDE3BE | -9.4418943401e-06
2025-12-08T12:23:07.071161 | 50039 | 345146B492B9D9BE | -6.1332928606e-06
2025-12-08T12:23:07.071231 | 50049 | 0AD529922CD2F4BE | -1.9856445883e-05
2025-12-08T12:23:07.071429 | 50044 | 7C69FAA94252093F | 4.8296603606e-05
2025-12-08T12:23:07.071557 | 50046 | 464F1D203B8B17BF | -8.9812740069e-05
2025-12-08T12:23:07.071702 | 50047 | 326A9AA9DABD35BF | -3.3175075951e-04
2025-12-08T12:23:07.071802 | 50045 | 4ADD5ED144032A3F | 1.9846167623e-04
2025-12-08T12:23:07.171217 | 50042 | D60AAFFB50A2FE3E | 2.9214904980e-05
2025-12-08T12:23:07.171588 | 50045 | 502DBC37ADF5303F | 2.5878409336e-04
2025-12-08T12:23:07.171831 | 50046 | D07A8BFC9B0919BF | -9.5510621701e-05
2025-12-08T12:23:07.171946 | 50041 | DFCE7EE8EA92DDBE | -7.0509664808e-06
2025-12-08T12:23:07.172104 | 50043 | 1031BF8BD9D5003F | 3.2110883211e-05
2025-12-08T12:23:07.172158 | 50044 | C77A661B9F6F3C3F | 4.3389925431e-04
2025-12-08T12:23:07.172223 | 50047 | 599CC52020A739BF | -3.9143118263e-04
2025-12-08T12:23:07.172472 | 50048 | 3571551B693B36BF | -3.3923450549e-04
2025-12-08T12:23:07.172720 | 50049 | 2E6C6087EA6CFEBE | -2.9015973688e-05
2025-12-08T12:23:07.172904 | 50040 | DEE269091263E7BE | -1.1151787743e-05
2025-12-08T12:23:07.172989 | 50038 | 90095BBF50E0C33E | 2.3694315086e-06
2025-12-08T12:23:07.173314 | 50039 | D6A2838365B207BF | -4.5198176339e-05
2025-12-08T12:23:07.272093 | 50039 | EA0678486A1109BF | -4.7813468935e-05
2025-12-08T12:23:07.272197 | 50038 | 27D9576991FEF0BE | -1.6207128814e-05
2025-12-08T12:23:07.272279 | 50040 | 946168609A8008BF | -4.6734534454e-05
2025-12-08T12:23:07.272372 | 50046 | 20A223AE445B2C3F | 2.1634305364e-04
2025-12-08T12:23:07.272432 | 50041 | 78FDDEA93DD6E3BE | -9.4589607292e-06
2025-12-08T12:23:07.272503 | 50045 | 0184A87F191A353F | 3.2199022795e-04
2025-12-08T12:23:07.272562 | 50048 | 1CF9D19A33F53ABF | -4.1134366877e-04
2025-12-08T12:23:07.272613 | 50044 | 2BFA193C621D223F | 1.3820480494e-04
2025-12-08T12:23:07.272691 | 50042 | 52BB2D221E9E003F | 3.1695646860e-05
2025-12-08T12:23:07.272746 | 50049 | D0F06831C9AD2EBF | -2.3406105966e-04
2025-12-08T12:23:07.273351 | 50043 | 96BD9B09FEB0053F | 4.1373016939e-05
2025-12-08T12:23:07.273447 | 50047 | 6F6BE0084E2133BF | -2.9190211433e-04
2025-12-08T12:23:07.372666 | 50039 | 2E79B45CFE4801BF | -3.2968771473e-05
2025-12-08T12:23:07.372950 | 50047 | F4F1438890803FBF | -4.8068550701e-04
2025-12-08T12:23:07.373010 | 50049 | 0E35DA14DE9F243F | 1.5735231357e-04
2025-12-08T12:23:07.373140 | 50046 | C94C7EB597482FBF | -2.3867465893e-04
2025-12-08T12:23:07.373329 | 50038 | E6433F9A0EB7DABE | -6.3693682115e-06
2025-12-08T12:23:07.373808 | 50042 | 409F10D0799CB1BE | -1.0497113296e-06
2025-12-08T12:23:07.373885 | 50040 | A1BD3A359552FBBE | -2.6056851609e-05
2025-12-08T12:23:07.373967 | 50045 | F656CBFA4B082C3F | 2.1387031065e-04
2025-12-08T12:23:07.374040 | 50044 | 167DC5FAE5391F3F | 1.1911836800e-04
2025-12-08T12:23:07.374307 | 50048 | B0EAD6F090330CBF | -5.3789959661e-05
2025-12-08T12:23:07.375227 | 50043 | 12DC2999207CFB3E | 2.6211616908e-05
2025-12-08T12:23:07.375777 | 50041 | 2E7A249AB431F7BE | -2.2119676609e-05
